"Furthermore , spectroscopic studies have shown evidence of hydrated minerals and silicates , which indicate that the surface is stony .","Spectroscopic studies have shown , however , evidence of hydrated minerals and silicates , which indicate rather a stony surface composition .",Science,0.63,1
"Until the mid-19th century , Mexico was the biggest producer of vanilla .","Until the mid-19th century , Mexico was the chief producer of vanilla .",Science,0.31,0
"On June 21 , the JMA upgraded the system into a tropical storm and named it Haima , with the JTWC following suit on June 22 .","On July 12 , both the JMA and JTWC upgraded the system to a tropical storm and named it Ma-on .",Science,0.28,0
Arp was also known as a critic of the Big Bang theory and for helping a non-standard cosmology to create an intrinsic redshift .,Arp was also known as a critic of the Big Bang theory and for advocating a non-standard cosmology incorporating intrinsic redshift .,Science,0.56,1
"By analysing the species ' genes , scientists have shown that it shared the same ancestor as the Eurasian cave lion ( `` Panthera leo spelaea '' or `` P. spelaea '' ) .",It has been shown by genetic analysis to be a sister lineage to the Eurasian cave lion ( `` Panthera leo spelaea '' or `` P. spelaea '' ) .,Science,0.68,1
"Several rabbits can live in one cage , but if so they should be spayed or neutered .",A rabbit can not be declawed .,Science,0.33,1
"The green algae include unicellular and colonial flagellates , usually but not always with two flagella per cell , as well as various colonial , coccoid , and filamentous forms .","The green algae include unicellular and colonial flagellates , most with two flagella per cell , as well as various colonial , coccoid and filamentous forms , and macroscopic , multicellular seaweeds .",Science,0.45,1
"Lynx have not been seen in Yellowstone since 1998 , though DNA taken from hair samples showed that lynx were at least passing through the park .","Lynx have not been seen in Yellowstone since 1998 , though DNA taken from hair samples obtained in 2001 confirmed that lynx were at least transient to the park .",Science,0.47,1
"Infected cells form crown galls or root tumours , respectively .","Infected cells form crown gall or root tumors , respectively .",Science,0.39,1
"He exhibited great manual dexterity and an aptitude for mathematics , although Latin and Greek failed to interest him , and he absorbed the legends and lore of the Scottish people .","He exhibited great manual dexterity , engineering skills and an aptitude for mathematics , while Latin and Greek failed to interest him .",Science,0.48,1
"In February 2011 , the researchers announced at Boston University that they had found evidence of chronic traumatic encephalopathy in Probert 's brain .","In February 2011 , it was announced by researchers at Boston University that they had found evidence of chronic traumatic encephalopathy in Probert 's brain .",Science,0.69,1
Selenography is the study of the physical features of the Moon .,Selenography is the study of the surface and physical features of the Moon .,Science,0.5,1
"Early on July 1 , a strong and big tropical wave moved off the coast of Africa .","Early on July 1 , a weak tropical wave emerged off the coast of Africa .",Science,0.37,0
"That prize honors basic research in fields that do not qualify for Nobel awards , and is administered by the same organization as the Nobel Prize .",It honors basic research in fields that do not qualify for Nobel Prizes and is administered by the same organization as the Nobel Prize .,Science,0.53,1
"The National Geographic Society ( NGS ) , headquartered in Washington , D.C. in the United States , is one of the largest non-profit scientific and educational institutions in the world .","The National Geographic Society ( NGS ) , headquartered in Washington , D.C. , United States , is one of the largest nonprofit scientific and educational institutions in the world .",Science,0.63,1
"Far more work has gone into reconstructing it than any other proto-language , and it is by far the best-understood of all proto-languages .","Far more work has gone into reconstructing it than any other proto-language , and it is by far the best understood of all proto-languages of its age .",Science,0.35,1
Sextus Empiricus reported that such ideas were savored by Christian apologists .,Sextus Empiricus reported that such observations were appreciated by Christian apologists .,Science,0.27,0
He was born George Washington Morrison Nutt in New Hampshire .,He was a dwarf born in New Hampshire .,Science,0.24,0
"However , methylcobalamin ( a form of Vitamin B ) , with a cobalt-methyl bond , is a true organometallic complex , one of the few known in biology .","In contrast to these coordination compounds , methylcobalamin ( a form of Vitamin B ) , with a cobalt-methyl bond , is a true organometallic complex , one of the few known in biology .",Science,0.36,1
"To prevent the spread of diseases and provide the people with water , the authorities ordered water wells to be dug in the backyards of every house .","To prevent the spread of epidemics and provide the people with water , the authorities ordered all janitors to supervise the construction of water wells in the backyards of every house .",Science,0.31,0
"A hole is an empty space in a solid object , which can be flat .",A hole is an opening .,Science,0.27,0
Isolating infected individuals is not possible because the disease is so widespread and symptoms are not specific .,Isolation or quarantine is not used as the disease is so widespread and symptoms are non-specific .,Science,0.29,1
The words `` hypnosis '' and `` hypnotism '' both derive from the term `` neuro-hypnotism '' ( nervous sleep ) coined by the Scottish surgeon James Braid around 1841 .,"The words `` hypnosis '' and `` hypnotism '' both derive from the term `` neuro-hypnotism '' ( nervous sleep ) , all of which were coined by the Scottish surgeon James Braid around 1841 .",Science,0.35,1
The dam has since been made bigger .,The dam has since been enlarged .,Science,0.25,0
He was active in aeronautics and astronautics .,He was active primarily in aeronautics and astronautics .,Science,0.36,1
"Late on the same day , the JMA further upgraded Nesat to a typhoon .","Late on September 29 , the JMA upgraded Nalgae to a typhoon .",Science,0.29,0
"In the wild , they usually live around 6–8 years , but in captivity can live to be up to 23 years old or longer .","In the wild , they usually live around 6–8 years , but in captivity can live to an age of 23 years or more .",Science,0.3,1
Shannon also showed that such switches could solve boolean algebra problems .,He also proved that circuits with relays could solve Boolean algebra problems .,Science,0.7,1
"Honey ants use their own bodies as living storage , but they have more function than just storing food .","Honey ants are unique in using their own bodies as living storage , but they have more function than just storing food .",Science,0.38,1
"However , flagella occur among some archamoebae , and many slime moulds produce biflagellate gametes .","However , flagella do occur among the Archamoebae , and many slime moulds produce biflagellate gametes .",Science,0.27,1
"The Convolvulaceae , known commonly as the bindweed or morning glory family , is a group of about 60 genera and more than 1,650 species of mostly herbaceous vines , but also trees , shrubs and herbs .","Convolvulaceae , known commonly as the bindweed or morning glory family , is a family of about 60 genera and more than 1,650 species of mostly herbaceous vines , but also trees , shrubs and herbs .",Science,0.28,1
"Research into the earliest branches of the eukaryote tree suggests a tree with either four supergroups , or two supergroups .",", research into the earliest branches of the eukaryote tree has suggested a tree with either four supergroups or two supergroups .",Science,0.69,1
This may be sufficient to partially or completely break ( crack ) the algorithm .,This may be sufficient to partially or completely break the algorithm .,Science,0.31,1
"The pancreas belongs to two systems of the body : the digestive system for its role in breaking down nutrients , and the endocrine system for producing hormones .",The pancreas is a glandular organ in the digestive system and endocrine system of vertebrates .,Science,0.49,1
Epidemiological practice and the results of epidemiological analysis make a significant contribution to health management,Epidemiological practice and the results of epidemiological analysis make a significant contribution to emerging population-based health management frameworks .,Science,0.63,1
His work with sea urchins showed that it was necessary to have all chromosomes present in order for proper development of the embryo to take place .,Boveri 's work with sea urchins showed that it was necessary to have all chromosomes present in order for proper embryonic development to take place .,Science,0.84,1
"Protactinium is a silver metallic element that is in the actinide group , with a bright metallic shine that it keeps for some time in the air .",Protactinium is a metal with silvery-gray luster that is preserved for some time in air .,Science,0.45,1
"It is a member of the family Alvarezsauridae , small coelurosaurian dinosaurs which have short but powerful forelimbs specialized for digging .","It is a member of the family Alvarezsauridae , small coelurosaurian dinosaurs which are characterized by short but powerful forelimbs specialized for digging .",Science,0.38,1
"The increase in the number of wolves in the states of Wyoming , Montana and Idaho has been so successful that they are no longer on the endangered species list .","The recovery of populations throughout the states of Wyoming , Montana and Idaho has been so successful that on February 27 , 2008 , the U.S .",Science,0.26,0
"As of July 2014 , the price of uranium concentrate remained near a five-year low , the uranium price having fallen more than 50 % from the peak price in January 2011 , and reflecting loss of Japanese demand following the 2011 Fukushima nuclear disaster .","As of July 2014 , the price of uranium concentrate remained near a five-year low , the uranium price having fallen more than 50 % from the peak spot price in January 2011 , reflecting the loss of Japanese demand following the 2011 Fukushima nuclear disaster .",Science,0.36,0
"Like most other heterodontosaurs , `` Pegomastax '' had an enlarged canine-like tooth at the beginning of the lower jaw 's tooth row , which may have been used for defence .","Like most other heterodontosaurids , `` Pegomastax '' had an enlarged canine-like tooth at the beginning of the lower jaw 's tooth row , which may have had a defensive function .",Science,0.43,1
Grignard reagents will react with a variety of carbonyl derivatives .,Grignard reagents react with many metal-based electrophiles .,Science,0.56,1
Sulston played a central role in both the `` Caenorhabditis elegans '' roundworm and human genome sequencing projects .,Sulston played a central role in both the `` C. elegans '' and human genome sequencing projects .,Science,0.69,1
Cleaner shrimp is a generic term for any swimming decapod crustacean that cleans other organisms of parasites .,Cleaner shrimp is a common name for any swimming decapod crustacean that cleans other organisms of parasites .,Science,0.41,1
"On September 1 it became Tropical Depression Nine while west of the Cape Verde islands and strenthend into a tropical storm later that day , when it was given the name Ike .",On September 2 it became Tropical Depression Ten while south-southeast of the southernmost Cape Verde islands .,Science,0.3,0
He also attained a degree on Disaster Management from BRAC University .,He attained a degree on Disaster Management from BRAC University .,Science,0.32,1
"Yuri Gagarin was born in the village of Klushino near Gzhatsk ( now in Smolensk Oblast , Russia ) , on 9 March 1934 .","Yuri Gagarin was born in the village of Klushino , near Gzhatsk ( renamed Gagarin in 1968 after his death ) , on 9 March 1934 .",Science,0.27,0
In mathematics a corollary usually follows on from a theorem .,In mathematics a corollary typically follows a theorem .,Science,0.29,1
"Like most large igneous provinces , the Mackenzie Large Igneous Province was caused by a mantle plume—an upwelling zone of abnormally hot rock within the Earth 's mantle .","Like most large igneous provinces , the Mackenzie Large Igneous Province has its origins in a mantle plume—an upwelling zone of abnormally hot rock within the Earth 's mantle .",Science,0.43,1
To ensure that the movements of the fish in the film were believable the animators essentially took a crash course in fish biology and oceanography .,"To ensure that the movements of the fish in the film were believable , the animators took a crash course in fish biology and oceanography .",Science,0.63,0
"He was graduated BS ( Physics ) , BS ( Astronomy ) from the University of Arizona in 1989 .",He graduated with a BS ( Physics ) and BS ( Astronomy ) from the University of Arizona in 1989 .,Science,0.93,1
"Benzene , also known as benzol , is an organic chemical compound with the formula CH .",Benzene is an important organic chemical compound with the chemical formula CH .,Science,0.49,1
Lead compounds are chemical compounds that have lead ions in them .,Lead compounds are those chemical compounds which contain lead .,Science,0.34,1
"For addition , the quotient of the two variables plus one times the divisor equals their sum :","For subtraction , the quotient of the two variables minus one times the divisor equals their difference :",Science,0.45,1
"In 1852 , Robert Angus Smith showed the relationship between acid rain and atmospheric pollution in Manchester .","In 1852 , Robert Angus Smith was the first to show the relationship between acid rain and atmospheric pollution in Manchester , England .",Science,0.78,1
"The heterojunction bipolar transistor ( HBT ) is a type of bipolar junction transistor ( BJT ) which uses different semiconductor materials for the emitter and base regions , making a heterojunction .","The heterojunction bipolar transistor ( HBT ) is a type of bipolar junction transistor ( BJT ) which uses differing semiconductor materials for the emitter and base regions , creating a heterojunction .",Science,0.47,1
Seafloor spreading helps explain continental drift in plate tectonics .,Seafloor spreading helps explain continental drift in the theory of plate tectonics .,Science,0.7,1
"Gestalt has been criticized for being merely descriptive , but it has formed the basis of much further research into the perception of patterns and objects , and of research into behavior , thinking , problem solving and psychopathology .","Although gestalt has been criticized for being merely descriptive , it has formed the basis of much further research into the perception of patterns and objects ( Carlson et al .",Science,0.3,1
"Knut was only the size of a guinea pig , and had to spend the first 44 days of his life in an incubator before zookeeper Thomas Dörflein began raising the cub .","Only the size of a guinea pig , he spent the first 44 days of his life in an incubator before zookeeper Thomas Dörflein began raising the cub .",Science,0.58,1
"Colonel Ilan Ramon ( , born Ilan Wolferman ; June 20 , 1954 - February 1 , 2003 ) was an Israeli pilot and the first Israeli astronaut and Israeli national hero .","Ilan Ramon ( , born Ilan Wolferman ; June 20 , 1954 – February 1 , 2003 ) was an Israeli fighter pilot and later the first Israeli astronaut for NASA .",Science,0.53,1
"The greatest ocean depth to be sounded is in the Challenger Deep of the Mariana Trench , at a depth of","The greatest ocean depth to be sounded is in the Challenger Deep of the Mariana Trench , at a depth of below sea level .",Science,0.58,1
"Self-organization occurs in a variety of physical , chemical , biological , social and cognitive systems .","Self-organization occurs in a variety of physical , chemical , biological , robotic , social , and cognitive systems .",Science,0.31,1
"Linskens was an elected member of the Deutsche Akademie der Naturforscher Leopoldina , Linnean Society of London , Koninklijke Nederlandse Akademie van Wetenschappen , and the Académie Royale des Sciences de Belgique .","Linskens was an elected member of the Deutsche Akademie der Naturforscher Leopoldina , Linnean Society of London , Koninklijke Nederlandse Akademie van Wetenschappen in 1978 , and the Academie Royale des Sciences de Belgique .",Science,0.79,1
Boiling tubes are commonly made from Pyrex glass which can tolerate high temperatures .,Boiling tubes are made from borosilicate glass that can withstand high temperatures .,Science,0.41,1
The member universities and institutes are :,The member colleges and institutes are :,Science,0.3,0
"Clarke emigrated to Sri Lanka in 1956 largely to pursue his interest in scuba diving ; That year , he discovered the underwater ruins of the ancient Koneswaram temple in Trincomalee .",That year he discovered the underwater ruins of the ancient Koneswaram temple in Trincomalee .,Science,0.48,1
"He graduated from the Institut d'études politiques de Toulouse , the École Polytechnique of Paris , the École nationale de l'aviation civile of Toulouse and the École nationale d’administration .","He received degrees from Sciences Po Toulouse , the Ecole polytechnique , École nationale de l'aviation civile and the École nationale d'administration .",Science,0.67,1
"Some medical groups , such as the American Academy of Pediatrics , recommend renal ultrasound and voiding cystourethrogram ( watching a person 's urethra and urinary bladder with real time X-rays while they urinate ) in all children who are younger than 2 years old and have had a urinary tract infection.Other medical groups such as the National Institute for Clinical Excellence recommend routine imaging only in babies younger than 6 months old or who have unusual findings .","Some , such as the American Academy of Pediatrics recommends renal ultrasound and voiding cystourethrogram ( watching a person 's urethra and urinary bladder with real time x-rays while they urinate ) in all children less than two years old who have had a urinary tract infection .",Science,0.35,1
"He graduated from the University of Washington and the University of California , Berkeley .","in mathematics at the University of Washington in 1949 , and PhD from the University of California , Berkeley .",Science,0.47,1
"However , his writings also record the use of many stimuli , including electric shocks , whistles , metronomes , tuning forks , and a range of visual stimuli .","However , his writings record the use of a wide variety of stimuli , including electric shocks , whistles , metronomes , tuning forks , and a range of visual stimuli , in addition to the ring of a bell .",Science,0.52,1
"He fixed the point Anno Domini , which is used to number the years of both the Gregorian calendar and the Julian calendar .",are used to label or number years in the Julian and Gregorian calendars .,Science,0.21,0
Diverse communities with complex ecology took 30 million years to reestablish .,Diverse communities with complex trophic structures took 30 million years to reestablish .,Science,0.58,1
"This is an example of mutualism , an ecological interaction that benefits both parties .","This cleaning symbiosis is an example of mutualism , an ecological interaction that benefits both parties involved .",Science,0.24,1
"The purpose of heat treating plain-carbon steel is to change the mechanical properties of steel , usually ductility , hardness , yield strength , and impact resistance .","The purpose of heat treating carbon steel is to change the mechanical properties of steel , usually ductility , hardness , yield strength , or impact resistance .",Science,0.34,1
"The pressure wave from the final explosion was recorded on barongraphs around the world , which continued to register it up to 5 days after the explosion .",The pressure wave from the final explosion was recorded on barographs around the world .,Science,0.63,1
"Another estimate is that 8,000 died within two weeks , that an additional 8,000 have since died from gas-related diseases .","Others estimate that 8,000 died within two weeks , and another 8,000 or more have since died from gas-related diseases .",Science,0.45,1
"In 2005 , Henderson found that substandard medical care in the California prison system had violated prisoners ' rights under the Eighth Amendment to the United States Constitution to be protected from cruel and unusual punishment .","In 2005 , Henderson found that substandard medical care in the California prison system had violated prisoners ' rights under the Eighth Amendment to the United States Constitution to be protected from cruel and unusual punishment and had led to unnecessary deaths in California prisons .",Science,0.22,0
These reactions are far from equilibrium and remain so for a significant length of time .,These reactions are far from equilibrium and remain so for a significant length of time and evolve chaotically .,Science,0.36,1
"Interest in renewable energies has increased in recent years due to environmental concerns about global warming and air pollution , reduced costs of renewable energy technologies , and improved efficiency and reliability .","Interest in renewable energies has increased in recent years due to environmental concern about global warming and air pollution , reduced costs of the technologies themselves , and improved efficiency and reliability .",Science,0.36,1
"Only one species , `` Rapetosaurus krausei '' , has been found .","Only one species , Rapetosaurus krausei , has been identified .",Science,0.7,1
It is not known if there are still Sunda clouded leopards on the small Batu islands close to Sumatra .,It is unknown if there are still Sunda clouded leopards on the small Batu Islands close to Sumatra .,Science,0.38,1
"By the 5th millennium BC these peoples had fashioned one of the world 's earliest known astronomical device ( roughly contemporary to the Goseck circle in Germany ) , about 1000 years older than but comparable to Stonehenge ( see sketch at right ) .",By the 5th millennium BC these peoples had fashioned what may be among the world 's earliest known archeoastronomical devices ( roughly contemporary to the Goseck circle in Germany and the Mnajdra megalithic temple complex in Malta ) .,Science,0.24,0
"The first sarcopterygians , found in the uppermost Silurian ( about 418 mya ) , closely resembled the Acanthodii , the 'spiny fish ' which went extinct at the end of the Palaeozoic era .","The earliest fossils of sarcopterygians , found in the uppermost Silurian ( ca 418 Ma ) , closely resembled the acanthodians ( the `` spiny fish '' , a taxon that became extinct at the end of the Paleozoic ) .",Science,0.55,1
Horse bones can be used to make gelatin for food .,Horse bones can be used to make implements .,Science,0.4,1
"Hardwood is contrasted to softwood , which comes from conifers , cone bearing seed plants .",Hardwood contrasts with softwood ( which is from gymnosperm trees ) .,Science,0.3,1
"A cold cathode is a cathode ( a type of electrode ) that is not heated directly by a filament or element , although a cold cathode can heat up during use as a side effect of normal current flow .",A cold cathode is a cathode that is not electrically heated by a filament .,Science,0.38,1
"In the linear approach , the electrons in the orbital of the small molecule are pointed directly at the π system of the big molecule .","In the non-linear approach , the orbital approaches at a skew angle .",Science,0.45,1
The remnants of Ana dropped 0.87 inches ( 22 mm ) of rainfall in the city of Ponta Delgada in the Azores .,"As an extratropical storm , the remnants of Ana dropped 0.87 inches ( 22 mm ) of precipitation in the city of Ponta Delgada in the Azores .",Science,0.24,0
"Cuvier believed there was no evidence for the evolution of organic forms , but there was evidence for successive creations after catastrophic extinction events .","Cuvier believed there was no evidence for the evolution of organic forms , but rather evidence for successive creations after catastrophic extinction events .",Science,0.47,1
"The Chinese Cobra has a widely varied diet and it mainly preys on rodents such as mice and rats , frogs , toads and even other snakes .","The Chinese cobra has a widely varied diet and it mainly preys on rodents , frogs , toads , and other snakes .",Science,0.29,1
Streptococcus is a genus of spherical Gram-positive bacteria belonging to the phylum Firmicutes and the lactic acid bacteria group .,Streptococcus is a genus of coccus ( spherical ) Gram-positive bacteria belonging to the phylum Firmicutes and the order Lactobacillales ( lactic acid bacteria ) .,Science,0.48,1
"The leatherback sea turtle is the largest , measuring six or seven feet ( 2 m ) in length at maturity , and three to five feet ( 1 to 1.5 m ) in width , weighing up to 2000 pounds ( about 900 kg ) .","It is the largest sea turtle , measuring in length at maturity , and in width , weighing up to .",Science,0.47,1
The most important characteristic was the presence of lower molariform teeth with two longitudinal rows of cusps .,The most important characteristic was the presence of lower molariform teeth equipped with two longitudinal rows of cusps .,Science,0.35,1
"If one of the inputs is false , or if both of the inputs are false , then logical conjunction outputs `` false . ''","When all inputs are true , the output is true .",Science,0.24,1
"If every element of the ring has a multiplicative inverse , that is for each a in R , there exists an element a in R such that a • a = 1 , where 1 is the multiplicative identity element , then the ring is called a division ring .",The element formula_13 is the multiplicative identity of the ring .,Science,0.3,1
"So , Ĉ is the rotation of a molecule around an axis and Ê is the identity operation .","Thus , Ĉ is the rotation of a molecule around an axis and Ê is the identity operation .",Science,0.53,1
"On September 8 , 1960 , U.S. President Dwight D. Eisenhower formally dedicated the Marshall Space Flight Center in Huntsville .","On September 8 , President Dwight D. Eisenhower formally dedicated the MSFC .",Science,0.44,1
"Rey has suggested an alternative way to connect the stars , which shows a lion walking .","Rey has suggested an alternative way to connect the stars , which graphically shows a lion walking .",Science,0.33,1
"`` Lycorhinus '' and `` Heterodontosaurus '' both had high-crowned cheek teeth , which went over each other in the jaw , making a continuous chewing surface analogous to those of Cretaceous hadrosaurids .","`` Lycorhinus '' and `` Heterodontosaurus '' both had high-crowned cheek teeth , which overlapped each other in the jaw , forming a continuous chewing surface analogous to those of Cretaceous hadrosaurids .",Science,0.34,1
"By causing a specific gene to be inactive in the mouse , and observing any differences from normal behaviour or condition , researchers can infer its probable function .","By causing a specific gene to be inactive in the mouse , and observing any differences from normal behaviour or physiology , researchers can infer its probable function .",Science,0.74,1
Humans have a total of 39 hox genes in clusters on four chromosomes .,Humans have Hox genes in four clusters :,Science,0.46,1
Swedish artist Oscar Reutersvärd was the first person to draw many impossible objects .,Swedish artist Oscar Reutersvärd was one of the first to deliberately design many impossible objects .,Science,0.24,0
Professor Ertl is an editor of the Handbook of Heterogeneous Catalysis,Ertl is one of the editors of the `` Handbook of Heterogeneous Catalysis '' .,Science,0.57,1
The infection is one of the most common sexually transmitted infections in people worldwide – about 2.8 million cases of chlamydia infection occur in the United States each year .,Chlamydia infection is one of the most common sexually transmitted infections worldwide .,Science,0.35,1
"Viewed from the Andromeda Galaxy , it would be the brightest feature of our own galaxy .","Viewed from the Andromeda Galaxy , it would be the brightest feature of the Milky Way .",Science,0.43,1
"At the same time , it secretes a layer of mucus on which it travels , which helps prevent damage to the foot .","It simultaneously secretes a layer of mucus that it travels on , which helps prevent damage to the foot tissues .",Science,0.42,1
All members of this class produce basidiocarps and these range in size from tiny cups a few millimeters across to a giant polypore ( `` Fomitiporia ellipsoidea '' ) greater than several meters across and weighing up to .,All members of the class produce basidiocarps and these range in size from tiny cups a few millimeters across to a giant polypore ( `` Phellinus ellipsoideus '' ) greater than several meters across and weighing up to .,Science,0.27,1
An alternator is a generator which converts mechanical energy to electrical energy in the form of alternating current .,An alternator is an electrical generator that converts mechanical energy to electrical energy in the form of alternating current .,Science,0.28,1
Famous locations for `` Hesperornis '' are the Upper Cretaceous marine limestones from Kansas and the marine shales from Canada .,Locations for `` Hesperornis '' fossils include the Late Cretaceous marine limestones from Kansas and the marine shales from Canada .,Science,0.46,1
It is also widely recognised as the most important site in Europe for finding dinosaur remains .,The island has one of the most important areas in Europe for dinosaur fossils .,Science,0.62,1
The rostrum serves as a digging tool to unearth buried crustaceans .,The rostrum also serves as a digging tool to unearth buried crustaceans .,Science,0.42,1
"In modern birds , the eggshell is hardened with calcium carbonate , completely shielding the embryo from the outside environment .","In modern birds , the eggshell is hardened with calcium , completely shielding the embryo from the outside environment .",Science,0.34,1
"There is one species native to North America that is fairly well known and popular in cultivation , namely the Western Pearly Everlasting ( `` Anaphalis margaritacea '' ) .","There is one species native to North America that is fairly well known and popular in cultivation , namely the western pearly everlasting ( `` Anaphalis margaritacea '' ) .",Science,0.28,1
The sodium chromate is reacted with sulfuric acid to produce sodium dichromate .,The chromate is converted by sulfuric acid into the dichromate .,Science,0.42,1
"The Innsbruck Medical University ( German : Medizinische Universität Innsbruck ) is a university in Innsbruck , Austria .","The Medical University of Innsbruck ( in German : Medizinische Universität Innsbruck ) is a university in Innsbruck , Austria , EU .",Science,0.21,0
Saitō rose to the rank of Admiral in the Imperial Japanese Navy .,Saitō was an admiral in the Imperial Japanese Navy .,Science,0.22,0
A Planet Called Treason ( 1979 ) is a science fiction book that was written by Orson Scott Card .,A Planet Called Treason ( 1979 ) is a science fiction novel by Orson Scott Card .,Science,0.82,0
The Doctor learns that he will trust her in the future when she whispers his real name into his ear .,"The Doctor learns , however , that it is she who kills him in his future .",Science,0.36,0
"The next ejaculate contains more fresh sperm , which has higher chances of achieving conception during intercourse .","The next ejaculate then contains more fresh sperm , which have higher chances of achieving conception during intercourse .",Science,0.53,1
"Currently the university has about 27,000 students and employs about 4,600 people .","The university has approximately 27,700 students and employs around 6,000 people .",Science,0.26,0
"There are around 200,000 species in this group .","There are around 200,000 species within this group .",Science,0.46,1
Mast cells play an important protective role in wound healing and defence against pathogens .,Mast cells play a key role in the inflammatory process .,Science,0.64,1
"Most mammals find this unpleasant ; however , birds are unaffected .","Most mammals find this unpleasant , whereas birds are unaffected .",Science,0.47,1
Babbage 's engines were among the first mechanical computers .,Babbage 's machines were among the first mechanical computers .,Science,0.35,1
"The five species of jackrabbit found in central and western North America can run at , and can leap up to 3m ( ten feet ) at a time .","The five species of jackrabbits found in central and western North America are able to run at , and can leap up to 3 m ( 10 ft ) at a time .",Science,0.29,1
He would teach at Columbia University from 1939 to 1946 .,He taught at Columbia from 1939 to 1946 .,Science,0.26,0
Systematics is used to help us understand the evolutionary history of life on Earth .,"Systematics , in other words , is used to understand the evolutionary history of life on Earth .",Science,0.69,1
"Harp seal milk has up to 48 % fat , so pups gain over per day .","Harp seal milk contains up to 60 % fat , so pups gain over per day .",Science,0.31,1
"If a person is allergic to penicillin , other antibiotics like ceftriaxone , doxycycline , or tetracycline can be used , but they have to be given over longer periods of time .","In those who have a severe penicillin allergy , doxycycline or tetracycline may be used .",Science,0.39,1
The Bay checkerspot butterfly ( `` Euphydryas editha bayensis '' ) is an example of a threatened species protected by the Endangered Species Act .,The Bay checkerspot butterfly ( `` Euphydryas editha bayensis '' ) is an example of a threatened subspecies protected under the ESA .,Science,0.42,1
Public Education is provided by the Elba City Public School District .,Public education is provided by the Elba City Public School District .,Science,0.3,0
A subarachnoid hemorrhage is bleeding into the subarachnoid space ( the space between the arachnoid and the pia mater ) .,A `` subarachnoid hemorrhage '' is bleeding into the subarachnoid space—the area between the arachnoid membrane and the pia mater surrounding the brain .,Science,0.35,1
"In organic chemistry , acetyl ( ethanoyl ) , is a functional group , the acyl of acetic acid , with chemical formula -COCH .","In organic chemistry , acetyl is a functional group , the acyl with chemical formula CHCO .",Science,0.46,1
The view that `` Troodon '' was a predator is supported by its sickle claw on the foot and apparently good binocular vision .,"`` Troodon '' are thought to have been predators , a view supported by its sickle claw on the foot and apparently good binocular vision .",Science,0.36,1
"To diagnose a urinary tract infection in children , a positive urinary culture is required .","To make the diagnosis of a urinary tract infection in children , a positive urinary culture is required .",Science,0.6,1
"The fruit can grow up to 30 cm ( 12 in ) long and 15 cm ( 6 in ) in diameter , and usually weighs one to three kg ( 2 to 7 lb ) .","The fruit can grow as large as long and in diameter , and it typically weighs one to three kilograms ( 2 to 7 lb ) .",Science,0.4,1
Genentech 's approach to the first synthesis of insulin beat Walter Gilbert 's approach at Biogen which used genes from natural sources .,Genentech 's approach to the first synthesis of insulin won out over Walter Gilbert 's approach at Biogen which used whole genes from natural sources .,Science,0.68,1
"In a double-blind experiment , neither the participants nor the researchers know which participants belong to the control group , and which to the test group .","In these double-blind experiments , neither the participants nor the researchers know which participants belong to the control group , nor the test group .",Science,0.37,1
"Chironex fleckeri , commonly known as sea wasp , is a well-known , lethal , venomous species of Box jellyfish living in coastal waters from northern Australia and New Guinea north to the Philippines and Vietnam .","Chironex fleckeri , commonly known as sea wasp , is a species of deadly venomous box jellyfish found in coastal waters from northern Australia and New Guinea north to the Philippines and Vietnam .",Science,0.43,1
"On April 11 , 2008 , Russian officials opened a monument to Laika .","On April 11 , 2008 , Russian officials unveiled a monument to Laika .",Science,0.33,0
"Cavalier-Smith included here the Platyhelminthes ( flatworms ) , and a new phylum Acanthognatha , into which he gathered several previously described phyla of microscopic animals .","Cavalier-Smith included in Platyzoa the Phylum Platyhelminthes or flatworms , and a new phylum , Acanthognatha , into which he gathered several previously described phyla of microscopic animals .",Science,0.54,1
"Forecasting is predicting what the future will look like , whereas planning predicts what the future `` should '' look like .","Forecasting can be described as predicting what the future will look like , whereas planning predicts what the future should look like for multiple scenarios .",Science,0.3,1
"If one specifies how stress and strain are to be measured , that allows for many types of elastic moduli to be defined .","Specifying how stress and strain are to be measured , including directions , allows for many types of elastic moduli to be defined .",Science,0.41,1
"The water issuing from a hot spring is heated by geothermal energy , i.e. , heat from the Earth 's mantle .","Water issuing from a hot spring is heated geothermally , that is , with heat produced from the Earth 's mantle .",Science,0.5,1
"While Hulse was observing a new pulsar , named PSR B1913+16 , he noticed that the frequency with which it pulsed fluctuated .","While Hulse was observing the newly discovered pulsar PSR B1913+16 , he noticed that the rate at which it pulsed varied regularly .",Science,0.74,1
"The first microplate was made in 1951 by a Hungarian man called Dr. G. Takatsky , who made a microtiter plate with 6 rows of 12 wells ( so 72 wells ) .","The earliest microplate was created in 1951 by a Hungarian , Dr. Gyula Takátsy , who machined 6 rows of 12 `` wells '' in Lucite .",Science,0.36,1
"In 1942 , he and Salvador Luria of Indiana University demonstrated that bacterial resistance to virus infection is caused by random mutation and not adaptive change .","In 1942 , Delbrück and Luria published on bacterial resistance to virus infection mediated by random mutation .",Science,0.74,1
"In 1983 , Ben & Jerry’s ice cream was used to build “the world’s largest ice cream sundae” in St. Albans , Vermont .","In 1983 , Ben & Jerry’s ice cream was used to build “the world’s largest ice cream sundae” in St. Albans , Vermont ; the sundae weighed .",Science,0.26,0
He had also heard about the IBM System R database from an article in the `` IBM Research Journal '' by Ed Oates .,He heard about the IBM System R database from an article in the `` IBM Research Journal '' provided by Oates .,Science,0.3,0
"The `` absolute yield '' gives the weight in grams , and the `` molar yield '' gives the number of moles .",The absolute yield can be given as the weight in grams or in moles ( molar yield ) .,Science,0.37,1
"The book was published on 15 May 1862 under the full title `` On the various contrivances by which British and foreign orchids are fertilised by insects , and on the good effects of intercrossing '' .","On 15 May 1862 the book was published under the full title of `` On the various contrivances by which British and foreign orchids are fertilised by insects , and on the good effects of intercrossing '' .",Science,0.47,1
He is the only person to win two Nobel Prizes in Physics .,He became the first person to win two Nobel Prizes in the same field .,Science,0.61,1
"Captive longevity is 20 to 30 years , with rare accounts of over 40 years , making them a long-term commitment as a pet .","Captive life expectancy is 20 to 30 years , with rare accounts over 40 years , making them a long-term commitment as a pet .",Science,0.29,1
"The rotational period of the interior of Uranus is 17 hours , 14 minutes , clockwise ( retrograde ) .","The rotational period of the interior of Uranus is 17 hours , 14 minutes .",Science,0.6,1
She is a graduate of the Swinbourne College of Technology .,She is a graduate of the Swinburne College of Technology .,Science,0.44,1
Pterygota is a subclass of insects that includes the winged insects .,The Pterygota are a subclass of insects that includes the winged insects .,Science,0.34,1
"Others solids form adducts with other gases , ( for example CO or ethylene ) .","Others form adducts with other gases , e.g .",Science,0.31,1
"According to Zhu Xi , knowledge and action were indivisible components of truly intelligent activity .","According to Zhu Xi 's epistemology , knowledge and action were indivisible components of truly intelligent activity .",Science,0.31,1
"Also , the blink reflex protects the eye from things touching it .","Moreover , the blink reflex protects the eye from foreign bodies .",Science,0.56,1
Family members are distinguished by having from five to 13 dorsal spines number .,Family members are distinguished by having at least three anal spines .,Science,0.29,1
"90 % of head and neck cancers are squamous cell carcinomas ( SCCHN ) , originating from the mucosal lining ( epithelium ) of these regions .",These cancers commonly originate from the mucosal lining ( epithelium ) of these regions .,Science,0.46,1
This site also shows some of the earliest evidence of `` H. erectus '' eating meat .,This site also shows some of the earliest evidence of carnivory in `` H. erectus '' .,Science,0.59,1
The classification of the Apterygota changed over time .,The composition and classification of Apterygota changed over time .,Science,0.45,1
Natron was also a cleanser for the teeth and an early mouthwash .,"Undiluted , natron was a cleanser for the teeth and an early mouthwash .",Science,0.3,1
"Fitted curves can be used to help data visualization , to guess values of a function where no data is available , and to summarize the relationships among two or more variables .","Fitted curves can be used as an aid for data visualization , to infer values of a function where no data are available , and to summarize the relationships among two or more variables .",Science,0.31,1
"Samantha Cristoforetti ( born April 26 , 1977 ) is an Italian European Space Agency astronaut , Italian Air Force pilot an engineer .","Samantha Cristoforetti ( ; born 26 April 1977 in Milan ) is an Italian European Space Agency astronaut , Italian Air Force pilot and engineer .",Science,0.44,0
"Since the answer had been unsure , there was no more expeditions to Alberta .","Since the answer had been unsure , there were no more expeditions to Alberta .",Science,0.36,0
"announcement was immediately correlated with an August 6 2000 observation by the team of Brett J. Gladman , John J. Kavelaars , Jean-Marc Petit , Hans Scholl , Matthew J. Holman , Brian G. Marsden , Philip D. Nicholson and Joseph A. Burns — an observation that was reported to the Minor Planet Center but not published as an IAU Circular ( IAUC ) .","This observation was immediately correlated with an observation on August 6 , 2000 , by the team of Brett J. Gladman , John J. Kavelaars , Jean-Marc Petit , Hans Scholl , Matthew J. Holman , Brian G. Marsden , Philip D. Nicholson and Joseph A. Burns , which was reported to the Minor Planet Center but not published as an IAU Circular ( IAUC ) .",Science,0.4,1
"Around 8,000 species have been described , which may represent less than a tenth of the true global millipede diversity .",Over 700 species have been described .,Science,0.69,1
"He spent a total of 489 days in space , including 19 hours and 33 minutes working outside the spacecraft./",He has spent a total of 489 days in space .,Science,0.43,1
"The largest group of minerals by far is the silicates ( most rocks are ≥95 % silicates ) , which are made largely of silicon and oxygen , also with ions of aluminium , magnesium , iron , calcium and other metals .","The largest group of minerals by far is the silicates ( most rocks are ≥95 % silicates ) , which are composed largely of silicon and oxygen , with the addition of ions of aluminium , magnesium , iron , calcium and other metals .",Science,0.44,1
The time between fertilization of an ovum and the birth of the young is called the gestation period .,The time interval of a gestation is called the `` gestation period '' .,Science,0.49,1
"His first design was a tube with pairs of mirrors at one end , pairs of translucent disks at the other , and beads between the two .","His initial design was a tube with pairs of mirrors at one end , pairs of translucent disks at the other , and beads between the two .",Science,0.33,1
The gene pool was small and many kittens died .,The genetic pool was very limited and many kittens died .,Science,0.27,1
It is a word used in microbiology to describe organisms based on how they get electrons for respiration ( breathing ) .,This term is used in microbiology to classify and describe organisms based on how they obtain electrons for their respiration processes .,Science,0.55,1
"For one particle that only moves in one direction in space , the Schrödinger equation looks like :","For a particle in one dimension , the Hamiltonian is :",Science,0.61,1
"A large synchrotron laboratory will have many beamlines , each optimized for a particular field of research .","At a large synchrotron facility there will be many beamlines , each optimised for a particular field of research .",Science,0.53,1
The similarity between cephalopod and vertebrate eyes is an examples of convergent evolution .,Superficial similarities between cephalopod and vertebrate eyes are thought to be examples of convergent evolution .,Science,0.49,1
Similar ( but extremely porous ) deposits formed from ambient-temperature water are known as tufa .,Similar ( but softer and extremely porous ) deposits formed from ambient-temperature water are known as tufa .,Science,0.42,1
In 1920 he was Professor of the Franz Liszt Academy in Budapest .,"In 1920 , he became a professor at the Franz Liszt Academy in Budapest .",Science,0.34,1
"In the absence of the centrosome , the microtubules of the spindle are focused by motors allowing the formation of a bipolar spindle .",In the absence of the centrioles the microtubules of the spindle are focused by motors allowing the formation of a bipolar spindle .,Science,0.53,1
"Another theory to explain the massive outbursts of Eta Carinae is the idea of a deeply situated hydrodynamic explosion , blasting off parts of the star’s outer layers .","Another theory to explain the massive outbursts of , for example , Eta Carinae is the idea of a deeply situated hydrodynamic explosion , blasting off parts of the star 's outer layers .",Science,0.53,1
"After he had been suffering serious pains in his stomach and was vomiting went to see the Canadiens ' physician David Mulder , who , after many tests discovered the cancer .","He was suffering serious pains in stomach and vomiting and went to see the Canadiens ' physician David Mulder , who , after several tests , discovered the cancer .",Science,0.56,1
"In the context where it is defined , the derivative of a function measures the rate of change of function ( output ) values with respect to change in input values .","In the context where it is defined , the derivative of a function is a measure of the rate of change of function values with respect to change in input values .",Science,0.31,1
An exothermic reaction is a reaction where the substances ( things ) reacting ( reactants ) release energy in the form of heat .,An exothermic reaction is a chemical reaction that releases energy by light or heat .,Science,0.57,1
"James Challis ( 12 December 1803 – 3 December 1882 ) was an English clergyman , physicist and astronomer .","James Challis FRS ( 12 December 1803 – 3 December 1882 ) was an English clergyman , physicist and astronomer .",Science,0.89,1
"In anapsids ( turtles ) there are none , in synapsids ( mammals and their extinct relatives ) there is one , and in most diapsids ( non-anapsid reptiles , including dinosaurs and birds ) there are two .","In anapsids , the ancestral condition , there are none , in synapsids ( mammals and their extinct relatives ) there is one , and in most diapsids ( including birds , crocodilians , squamates , and tuataras ) , there are two .",Science,0.36,1
"The Lake Mungo results were due to thermoremanent magnetization , ruling out a sedimentological phenomena .","The Lake Mungo results were due to thermoremanent magnetization , ruling out a sedimentological phenomenon .",Science,0.78,1
"By traveling , an observer can come into contact with a greater region of space-time than an observer who remains still , so that the observable universe for the former is larger than for the latter .","By traveling , an observer can come into contact with a greater region of spacetime than an observer who remains still .",Science,0.51,1
"Mainland colonies probably only became possible in recent times due to fewer predators , although the Betty 's Bay colony has been attacked by leopards .","Mainland colonies probably only became possible in recent times due to the reduction of predator numbers , although the Betty 's Bay colony has been attacked by leopards .",Science,0.29,1
Most ballistic mathematical models and hence tables or software assume that one specific drag function correctly describes the drag and hence the flight characteristics of a bullet related to its ballistics coefficient .,Most ballistic mathematical models and hence tables or software take for granted that one specific drag function correctly describes the drag and hence the flight characteristics of a bullet related to its ballistic coefficient .,Science,0.42,1
RNA-processing reactions and protein synthesis on ribosomes are catalysed by RNA .,RNA-processing reactions and protein synthesis on ribosomes in particular are catalysed by RNA .,Science,0.6,1
"By the late 1870s Norfolk pines , eucalyptus , bamboo , and banana trees grew at the highest point of the island , Green Mountain , creating a tropical forest covered with clouds .","By the late 1870s Norfolk pines , eucalyptus , bamboo , and banana trees grew in profusion at the highest point of the island , Green Mountain , creating a tropical cloud forest .",Science,0.26,1
`` Stegosaurus '' had very short forelimbs in relation to its hind legs .,"`` Stegosaurus '' did have very short fore limbs , in relation to its hind legs .",Science,0.3,1
"Walter Isaacson ( born May 20 , 1952 ) is an American businessman and journalist .","Walter Isaacson ( born May 20 , 1952 ) is an American writer and journalist .",Science,0.26,0
"After passing near Guam , it strengthened quickly and reached its highest winds of 305 km/h ( 190 mph ) and a worldwide record low barometric pressure of 870 mbar ( hPa , 25.69 inHg ) on October 12 .","After passing Guam , Tip rapidly intensified and reached peak winds of and a worldwide record-low sea-level pressure of on October 12 .",Science,0.31,1
"For instance , galactose and glucose are both aldohexoses , but they have different chemical and physical properties .","For instance , galactose and glucose are both aldohexoses , but have different physical structures and chemical properties .",Science,0.52,1
"The hurricane strengthened very quickly on September 15 , and became a major Category 3 hurricane .","The storm weakened late on September 17 , and became a tropical storm .",Science,0.28,1
"In January 2011 , he was nominated for the Academy Award for Best Documentary for the movie .","In January 2011 , he was nominated for the Academy Award for Best Documentary for the film .",Science,0.28,0
"He also found early horses , the Cretaceous and Jurassic dinosaurs `` Apatosaurus '' and `` Allosaurus '' , and described the toothed birds of the Cretaceous ; `` Ichthyornis '' and `` Hesperornis '' .","He also found early horses , flying reptiles , Cretaceous and Jurassic dinosaurs such as `` Triceratops '' , `` Stegosaurus '' , `` Apatosaurus '' and `` Allosaurus '' , and described the toothed birds of the Cretaceous `` Ichthyornis '' and `` Hesperornis '' .",Science,0.65,1
"The primitive nature of `` Saturnalia '' , and its mixture of sauropodomorph and theropod characteristics , has made it difficult to classify .","The primitive nature of `` Saturnalia '' , combined with its mixture of sauropodomorph and theropod characteristics , has made it difficult to classify .",Science,0.24,1
They like to rest on ice floe and will move farther north for denser ice .,They prefer to rest on ice floe and will move farther north for denser ice .,Science,0.31,1
"For example , in SI units , a loop of current with current I and area A has magnetic moment I×A ( see below ) , but in Gaussian units the magnetic moment is I×A/c .","For example , in SI units , a loop of current with current `` I '' and area `` A '' has magnetic moment `` IA '' ( see below ) , but in Gaussian units the magnetic moment is `` IA '' / '' c '' .",Science,0.33,1
Rainfall along southeastern Massachusetts reached 0.33 inches at Chatham .,Rainfall along southeastern Massachusetts reached 0.33 inches ( 8.38 mm ) at Chatham .,Science,0.24,1
The species magnificent tree frog ( `` Litoria splendida '' ) and the giant tree frog ( `` Litoria infrafrenata '' ) are similar to the green tree frog .,The species belongs to the genus `` Litoria '' .,Science,0.32,1
"Since the molecule has multiple negative charges at physiological pH , a cation is present in salts of chondroitin sulfate .","Rather , since the molecule has multiple negative charges at physiological pH , a cation is present in salts of chondroitin sulfate .",Science,0.6,1
`` Megalania '' is the land-based lizard known to have existed .,Megalania is the largest terrestrial lizard known to have existed .,Science,0.43,1
The closest relatives of clawed lobsters are the reef lobster `` Enoplometopus '' and the three groups of freshwater crayfish .,The closest living relatives of clawed lobsters are the reef lobsters and the three families of freshwater crayfish .,Science,0.33,1
"For botanical nomenclature , the `` ICBN '' prescribes a two-part name or binary name for any taxon below the rank of genus down to , and including the rank of species .","For botanical nomenclature , the `` ICN '' prescribes a two-part name or binary name for any taxon below the rank of genus down to , and including the rank of species .",Science,0.42,1
It has been hailed as the first definite physical proof that birds from some of the modern groups lived in the Mesozoic .,It has been hailed as the first definitive physical proof that representatives of some of the groups of modern birds lived in the Mesozoic .,Science,0.73,1
These injuries may be caused by fragments of the explosive device and other objects within the blast zone being propelled by the force of the explosion .,Secondary injuries are caused by fragmentation and other objects propelled by the explosion .,Science,0.26,0
"The composition of the Earth 's atmosphere changes as result of natural processes such as volcano emissions , lightning and bombardment by solar particles from the Sun 's corona .","The composition of the Earth 's atmosphere changes as result of natural processes such as volcano emissions , lightning and bombardment by solar particles from corona .",Science,0.39,1
"Shortly after this meeting , the former student published a census of all the Akitas in Japan .","Shortly after this meeting , the former student published a documented census of Akitas in Japan .",Science,0.29,0
"Wolfgang Köhler ( 21 January 1887 – 11 June 1967 ) was a German psychologist who , like Max Wertheimer and Kurt Koffka , helped create Gestalt psychology .","Wolfgang Köhler ( 21 January 1887 – 11 June 1967 ) was a German psychologist and phenomenologist who , like Max Wertheimer , and Kurt Koffka , contributed to the creation of Gestalt psychology .",Science,0.39,1
"Major habitat types are identified : polar , temperate shelfs and seas , temperate upwelling , tropical upwelling , tropical coral , pelagic , abyssal , and hadal ( ocean trench ) — which correspond to the terrestrial biomes .","Major habitat types are identified : polar , temperate shelves and seas , temperate upwelling , tropical upwelling , tropical coral , pelagic ( trades and westerlies ) , abyssal , and hadal ( ocean trench ) .",Science,0.62,1
"Lewis acids such as boron trifluoride , zinc chloride , iron chloride , and aluminium chloride are also useful catalysts .","Lewis acids such as boron trifluoride , zinc chloride , iron ( III ) chloride , and aluminium chloride are also useful catalysts .",Science,0.49,1
"The extra weight was largely due to its extensive armour , including the large spines projecting from its neck .","The extra weight was largely due to its extensive covering of bony armor , including the characteristically large spines projecting from its neck .",Science,0.38,1
"The Aphelion Imaging Software Suite is used by students , researchers , engineers , and software developers in application domains requiring image processing and computer vision , such as :","The Aphelion Imaging Software Suite is used by students , researchers , engineers , and software developers in many application domains involving image processing and computer vision , such as :",Science,0.46,1
"In the late 1990s , anthropologist Stanley Ambrose suggested that a volcanic winter induced by this eruption reduced the human population to about 2,000 20,000 , resulting in a population bottleneck .","In the late 1990s , anthropologist Stanley Ambrose proposed that a volcanic winter induced by this eruption reduced the human population to about 2,000 - 20,000 individuals , resulting in a population bottleneck ( `` see '' Toba catastrophe theory ) .",Science,0.54,1
Arsenic fluoride can refer to either of these chemical compounds :,Arsenic fluoride may refer to either of the following :,Science,0.23,1
"Over the next couple of days the system gradually developed further , before late on June 16 , the JMA , JTWC and PAGASA , all reported that the system had developed into a tropical depression , with PAGASA naming it as Egay .","Over the next day the system gradually developed further , before the JTWC initiated advisories on the system and designated it as Tropical Depression 01W .",Science,0.28,0
"While it was thought that Cindy did not originally reach hurricane strength , but post-season reanalysis confirmed the upgrade .","Initially it was felt that Cindy did not reach hurricane strength , but post-season reanalysis confirmed the upgrade to Category 1 status .",Science,0.48,1
A lipase is an enzyme that catalyzes the formation or cleavage ( hydrolysis ) of fats ( lipids ) .,"A lipase ( , , ) is an enzyme that catalyzes the hydrolysis of fats ( lipids ) .",Science,0.47,1
Their life cycle is from 14 hours to 36 hours .,Their life cycle ranges from 14 to 36 days .,Science,0.35,1
"Its embers flared up again briefly in 2000 when one of the leading figures , Ernst Nolte , was awarded a literary prize .","It flared up again briefly in 2000 when one of its leading figures , Ernst Nolte , was awarded the Konrad Adenauer Prize for science .",Science,0.89,1
"Anomalocaris ( `` abnormal shrimp '' ) is an extinct genus of anomalocaridid , which are , in turn , thought to be closely related to the arthropods .","Anomalocaris ( `` abnormal shrimp '' ) is an extinct genus of anomalocaridid , a family of animals thought to be closely related to ancestral arthropods .",Science,0.44,1
Theoretical subjects included for ATPL applicants are :,Theoretical subjects included in the examination of ATPL applicants are :,Science,0.45,1
"This is a wisdom that takes lifetimes of listening , observing and experiencing ... There is a deep understanding of human nature and the environment ... sites hold 'feelings ' which can not be described in physical terms ... subtle feelings that resonate through the bodies of these people..",There is a deep understanding of human nature and the environment.. sites hold 'feelings ' which can not be described in physical terms.. subtle feelings that resonate through the bodies of these people..,Science,0.3,0
NASA used the CCD to send clear pictures to Earth back from space .,The CCD allowed NASA to send clear pictures to Earth back from space .,Science,0.76,1
"Observations of atmospheric chemistry are made in observatories such as that on Mauna Loa and on mobile platforms such as aircraft , ships and balloons .",Observations of atmospheric chemistry are made in observatories such as that on Mauna Loa and on mobile platforms such as aircraft ( e.g .,Science,0.7,1
He was best known for his work on nucleic acid structure and function .,work on nucleic acid structure and function .,Science,0.9,1
An important change in the behavior of humans happened because of their control of fire and the light that came from the fire .,An important change in the behavior of humans was brought about by the control of fire and its accompanying light .,Science,0.4,0
"Sagan is said to have been an atheist or agnostic , but some people have said he was a pantheist , because he said things like `` The idea that God is an oversized white male with a flowing beard who sits in the sky and tallies the fall of every sparrow is ludicrous .","In another description of his view on the concept of God , Sagan emphatically wrote : The idea that God is an oversized white male with a flowing beard who sits in the sky and tallies the fall of every sparrow is ludicrous .",Science,0.28,0
"1794 - 1830 ) , was an English botanist , and an artist who illustrated plants .","1794 - 1830 ) , was an English botanist , botanical artist and engraver .",Science,0.76,1
"The fossils that have been found are the remains of ancient mammals , birds and reptiles of Oligocene and Miocene epochs .","The 100 km area has fossil remains of ancient mammals , birds and reptiles of Oligocene and Miocene age .",Science,0.46,1
"In addition to reducing waste , SPC can lead to a reduction in the time required to produce the product or service from end-to-end .","In addition to reducing waste , SPC can lead to a reduction in the time required to produce the product .",Science,0.39,0
"An estimated 5,000 to 15,000 musk oxen , as well as many polar bears and walrus , can be found near the coastal regions of the park .","An estimated 5,000 to 15,000 musk oxen , as well as numerous polar bears and walrus , can be found near the coastal regions of the park .",Science,0.25,1
Most of the aquatic life in the Norwegian Sea is in the upper layers .,Most of the aquatic life in the Norwegian Sea is concentrated in the upper layers .,Science,0.33,1
"About 1300 species of this small creature ( 1-8 mm ) are known worldwide , with about 360 species of 36 different genera in Europe and some 800 species in North America .","About 1300 species of this generally very small creature ( 1-8 mm ) are known worldwide , with about 360 species of 36 different genera in Europe and some 800 species in North America .",Science,0.4,1
"In 1916 , Ohio State was the first university in Ohio to be in the Association of American Universities .","In 1916 , Ohio State was elected into membership in the Association of American Universities .",Science,0.28,0
"Also called eyelid geckos , the eublepharines have more simple features than other geckos .","Also called eyelid geckos , the eublepharines have more primitive features than other geckos .",Science,0.28,1
Eucalyptus dives or broad-leaved peppermint is a small tree found in the temperate dry sclerophyll woodlands and forests of south-eastern Australia .,Eucalyptus dives or broad-leaved peppermint is a small tree native to temperate dry sclerophyll woodlands and forests of south-eastern Australia .,Science,0.25,1
Studies on how FGM affects women 's ability to have sex have also been small .,Studies on sexual function have also been small .,Science,0.72,1
"In astronomy , the unit is sometimes used in `` kilometres per second '' ( equivalent to 1000 metres per second ) .",1 kilometre per second is equivalent to :,Science,0.3,1
"Google search was originally developed by Larry Page and Sergey Brin in 1997 , based on earlier search-engine designs .",It was originally developed by Larry Page and Sergey Brin in 1997 .,Science,0.31,1
It can be proved that there exists a unique integer quotient `` q '' and a unique real remainder `` r '' such that `` a '' = '' qd '' + '' r '' with 0≤ '' r '' < | '' d '' | .,It can be proved that there exists a unique integer quotient `` q '' and a unique floating-point remainder `` r '' such that `` a '' = '' qd '' + '' r '' with 0 ≤ '' r '' < | '' d '' | .,Science,0.49,1
"A vaccine is a medication , usually made from something that is or was alive , that gives immunity to a particular bacterial or viral disease .",A vaccine is a biological preparation that provides active acquired immunity to a particular disease .,Science,0.62,1
His work has spanned genres from serious Shakespearean and modern theatre to popular fantasy and science fiction movies .,McKellen 's work spans genres ranging from Shakespearean and modern theatre to popular fantasy and science fiction .,Science,0.56,0
The condition was named in 1875 by Romanian physician Victor Babeş .,The term was coined in 1875 by Romanian physician Victor Babeş .,Science,0.39,1
The social bias towards members of one’s own sex can develop early in children .,It appears that the social bias towards members of one’s own sex can develop early in children .,Science,0.53,1
Wallace studied the distribution of flora and fauna in the Amazon Basin and the Malay Archipelago in the mid-19th century .,Alfred Russel Wallace studied the distribution of flora and fauna in the Amazon Basin and the Malay Archipelago in the mid-19th century .,Science,0.79,1
"The adult females usually lay eggs near the nests of possible hosts , often in the burrows of solitary bees , wasps or beetles .","The adult females usually deposit eggs in the vicinity of possible hosts , quite often in the burrows of beetles or wasps/solitary bees .",Science,0.25,1
"At their peak in the Palaeozoic era the brachiopods were among the most abundant filter-feeders and reef-builders , and occupied other ecological niches , including swimming in the jet-propulsion style of scallops .","At their peak in the Paleozoic era , the brachiopods were among the most abundant filter-feeders and reef-builders , and occupied other ecological niches , including swimming in the jet-propulsion style of scallops .",Science,0.48,1
The novel was recommended as one of the ten best books of 1995 by the American Library Association .,It was recommended as one of the ten best books of 1995 by the American Library Association .,Science,0.26,0
"The Gardens ' library has important collections of botanical books , journals , CD-ROMs and maps .","The Gardens ' library has significant collections of botanical books , journals , CD-ROMs and maps .",Science,0.37,0
"The glass is shaped when either fully molten , by casting , or when in a state of toffee-like viscosity , by methods such as blowing to a mold .","The glass is shaped when either fully molten , by casting , or when in a state of toffee-like viscosity , by methods such as blowing into a mold .",Science,0.29,1
"Since 1992 , he is professor for `` harmonic analysis and Operator theory '' at the Chemnitz University of Technology .","Since 1992 , the professor for `` Harmonic Analysis and Operator theory '' at the Chemnitz University of Technology .",Science,0.82,1
The dome built to house the Oddie telescope was the first Commonwealth building built in the new Australian Capital Territory .,The dome built to house the Oddie telescope was the first Commonwealth building constructed in the newly established Australian Capital Territory .,Science,0.35,0
"Typically , oceanic anoxic events last for under half a million years , before a full recovery .","Typically , oceanic anoxic events lasted for less than a million years , before a full recovery .",Science,0.48,1
It weakened to a depression late August 10 but restrengthened back into a storm 24 hours later when it encountered a small area of warm water .,"It weakened to a depression late August 10 , but restrengthened back into a storm 24 hours later when it encountered a small area of warmer water .",Science,0.27,0
Mammalian RBCs are unique among vertebrates as they are non-nucleated cells in their mature form .,Mammalian erythrocytes are unique among the vertebrates as they are non-nucleated cells in their mature form .,Science,0.45,1
Note that this estimated mean may be different from the sample mean of the ungrouped data .,Note that the result of this will be different from the sample mean of the ungrouped data .,Science,0.28,1
Ancient philosophers as far back as Thales of Miletus had the idea that there is some underlying substance of which everything is made .,Ancient philosophers as far back as Thales of Miletus 550 BCE had inklings of the conservation of some underlying substance of which everything is made .,Science,0.26,1
"This footage is still shown to engineering , architecture , and physics students as an example of what can go wrong .","This footage is still shown to engineering , architecture , and physics students as a cautionary tale .",Science,0.8,1
"Some of the computer models showed that the weakening tropical storm could be absorbed by a developing low to the west , which a few days later became Hurricane Epsilon .","Some of the computer models suggested the weakening tropical storm could be absorbed by a developing low to the west , which a few days later became Hurricane Epsilon .",Science,0.31,1
The North American fauna was typical northern eutheria ( supplemented with Afrotherian proboscids ) .,The North American fauna was a typical boreoeutherian one ( supplemented with Afrotherian proboscids ) .,Science,0.38,1
A soil with a lot of clay is called a `` clay soil texture '' .,A soil is called organic if :,Science,0.49,1
"The spiral has the property that the angle ɸ between the tangent and radial line at the point ( `` r '' , θ ) is constant .",The spiral has the property that the angle formula_11 between the tangent and radial line at the point formula_1 is constant .,Science,0.35,1
"Though Babbage 's engine was never built , Lovelace 's notes are important in the early history of computers .",Lovelace 's notes are important in the early history of computers .,Science,0.28,0
"If the urine has significant bacteria , but there are no symptoms , the condition is known as asymtomatic bacteriuria .","If the urine contains significant bacteria but there are no symptoms , the condition is known as asymptomatic bacteriuria .",Science,0.3,1
In 1941 Hurwicz was helping Paul Samuelson to teach at the Massachusetts Institute of Technology and helping Oskar Lange to teach at the University of Chicago .,In 1941 Hurwicz was a research assistant to Paul Samuelson at the Massachusetts Institute of Technology and to Oskar Lange at the University of Chicago .,Science,0.77,1
"The first true stainless steel , a 0.24wt % C , 12.8wt % Cr ferrous alloy , was produced by Brearley in an electric furnace on 13 August 1913 .","It is reported that the first true stainless steel , a 0.24wt % C , 12.8wt % Cr ferrous alloy , was produced by Brearley in an electric furnace on 13 August 1913 .",Science,0.42,1
"One Day in the Life of Ivan Denisovich is a novel written by Aleksandr Solzhenitsyn , first published in November 1962 in the Soviet literary magazine `` Novy Mir '' ( `` New World '' ) .","One Day in the Life of Ivan Denisovich ( `` Odin den ' Ivana Denisovicha '' ) is a novel written by Aleksandr Solzhenitsyn , first published in November 1962 in the Soviet literary magazine `` Novy Mir '' ( `` New World '' ) .",Science,0.23,0
He was held in Scottish prisons until he was released on compassionate grounds on 20 August 2009 because he had terminal prostate cancer .,Doctors reported on 10 August 2009 that he had terminal prostate cancer .,Science,0.35,1
"The Geraniales are a small order of flowering plants , included within the rosid subgroup of dicotyledons .","Geraniales are a small order of flowering plants , included within the rosid subgroup of eudicots .",Science,0.28,1
"Among women , research by Russell ( 1986 ) and Wyatt ( 1985 ) has given estimates as high as twenty percent ( for such 'incest experience ' ) .","Among women , research has yielded estimates as high as 20 % .",Science,0.52,1
"On 8 July 1680 , Hooke observed the nodal patterns associated with the mode of vibration of glass plates .","On 8 July 1680 , Hooke observed the nodal patterns associated with the modes of vibration of glass plates .",Science,0.73,1
"In 2011 , there were 166 universities in Turkey .","By 2011 , there were 166 universities in Turkey .",Science,0.31,0
"However , by 1999 he was no longer recommending IDEA due to the availability of faster cryptographic algorithms , some progress in its cryptanalysis , and the issue of patents .","However , by 1999 he was no longer recommending IDEA due to the availability of faster algorithms , some progress in its cryptanalysis , and the issue of patents .",Science,0.38,1
"The disadvantage of Grignard reagents is that they readily react with protic solvents ( such as water ) , or with functional groups with acidic protons , such as alcohols and amines .",A limitation of Grignard reagents is that they do not readily react with alkyl halides via an S2 mechanism .,Science,0.42,1
It supports the structures of the face and forms a protective cavity for the brain .,It supports the structures of the face and provides a protective cavity for the brain .,Science,0.56,1
"The basin is deep in places and is estimated to contain of groundwater ( water in the soil , below ground level ) .",The basin is deep in places and is estimated to contain of groundwater .,Science,0.42,1
His work during that project on the production and detection of radio frequency power and on the absorption of such RF power by matter laid the background for Rabi 's discovery of NMR .,His work during that project on the production and detection of radio frequency power and on the absorption of such RF power by matter laid the foundation for Rabi 's discovery of NMR .,Science,0.8,1
Europeans first reported using quinine against malaria in Rome in 1631 .,It was first used to treat malaria in Rome in 1631 .,Science,0.43,1
"The aim for the reconnaissance is to clear up the reasons of the specific disease origin- sources of the infection in extreme situations , including local wars and armed conflicts , the ways of the infection transfer and all factors promoting to the infestation .","The aim for the reconnaissance was to clear up the reasons of the specific disease origin- sources of the infection in various extreme situations , including local wars and armed conflicts , the ways of the infection transfer and all factors promoting to the infestation .",Science,0.49,1
The historical photography process used gum arabic mixed with ammonium or potassium dichromate and pigment to create a coloured photographic emulsion that becomes relatively insoluble in water upon exposure to ultraviolet light .,The historical photography process of gum bichromate photography uses gum arabic mixed with ammonium or potassium dichromate and pigment to create a coloured photographic emulsion that becomes relatively insoluble in water upon exposure to ultraviolet light .,Science,0.37,1
M84 is in the heavily populated inner core of the Virgo Cluster of galaxies .,M84 is situated in the heavily populated inner core of the Virgo Cluster of galaxies .,Science,0.36,1
"Sergej Ivanovich Ognew ( 1886–1951 ) was a Russian zoologist and naturalist , remembered for his work on mammalogy .","Sergej Ivanovich Ognew ( 1886–1951 ) was a Russian scientist , zoologist and naturalist , remembered for his work on mammalogy .",Science,0.87,1
The only Pacific hurricanes to strike Mexico at greater intensity were 1976 's Hurricane Madeline and an unnamed 1959 storm .,The only Pacific hurricanes to strike Mexico at a greater intensity were Patricia of 2015 and Madeline of 1976 .,Science,0.25,0
"At Jabiru , the average maximum temperature for June-July is 32 °C .","At Jabiru , the average maximum temperature for January is 33 °C .",Science,0.3,0
`` Walking Trees : Teaching Teachers in New York City Schools '' is the story of Ralph Fletcher 's work in the New York City school system as a teacher trainer program to teach teachers about writing .,Walking Trees : Teaching Teachers in New York City Schools is a book by Ralph Fletcher .,Science,0.27,0
"Tropical Storm Franklin suffered a lot of wind shear related with the development of Tropical Storm Gert , which made the forecasters at the National Hurricane Center to say that Franklin could be destroyed in the next few days .","Tropical Storm Franklin suffered high levels of wind shear associated with the development of Tropical Storm Gert , which led the forecasters at the National Hurricane Center to say that Franklin could be torn apart in the next few days .",Science,0.34,1
"He was soon a frequent visitor to Down House , and became the closest of Darwin 's younger friends .","The youth was soon a frequent visitor to Down House , and became the closest of Darwin’s younger friends .",Science,0.37,0
"On 5 February 2015 , Lee was hospitalised with `` severe pneumonia '' and was put on a ventilator at the intensive care unit of Singapore General Hospital , although his condition was reported as `` stable '' .","On 5 February 2015 , Lee was hospitalised with `` severe pneumonia '' and was put on a ventilator at the intensive care unit of Singapore General Hospital , although his condition was reported initially as `` stable '' .",Science,0.28,0
"After the larvae of `` Glyptapanteles '' emerge , the caterpillar takes up position near the cocoons of the pupae , arches its back , and ceases to move or feed .","emerge , the caterpillar takes up position near the cocoons of the pupae , arches its back , and ceases to move or feed .",Science,0.28,1
"An emergency is a situation in which a risk to health , life , property or environment is about to happen .","An emergency is a situation that poses an immediate risk to health , life , property , or environment .",Science,0.23,0
Itch has many similarities to pain and both are unpleasant sensory experiences but their behavioral response patterns are different .,"Modern science has shown that itch has many similarities to pain , and while both are unpleasant sensory experiences , their behavioral response patterns are different .",Science,0.97,1
"At Johns Hopkins , he worked with Dr. Alfred Blalock and helped with the first Blue Baby procedure to treat a child 's congenital heart defect .","At Johns Hopkins , he worked with Dr. Alfred Blalock and assisted in the first `` Blue Baby '' procedure to correct an infant 's congenital heart defect .",Science,0.63,1
This is so that the IGCSE is appropriate for students with different levels of ability .,This is designed to make IGCSE suitable for students with varying levels of ability .,Science,0.23,0
"The other group of flowering plants were called monocotyledons or monocots , with one cotyledon .","The other group of flowering plants were called monocotyledons or monocots , typically having one cotyledon .",Science,0.26,1
