Selangor ( also known as Selangor Darul Ehsan or Selangor the Abode of Sincerity ) is one of the states that form Malaysia .,"Selangor also known by its Arabic honorific , Darul Ehsan , or `` Abode of Sincerity '' is one of the 13 states of Malaysia .",Geography,0.19,1
"Bispham is a village roughly one-and-a-half miles north of Blackpool town centre on the Fylde coast in the county of Lancashire , England .","Bispham is a village in Blackpool on the Fylde coast in the county of Lancashire , England .",Geography,0.27,1
Far Rockaway is a neighborhood on the Rockaway Peninsula in the New York City borough of Queens .,Far Rockaway is a neighborhood on the Rockaway Peninsula in the New York City borough of Queens in the United States .,Geography,0.39,1
"Upon reaching the Swiss border , the line of the main chain goes about northeast , a heading it follows until its end near Vienna .","Upon reaching the Swiss border , the line of the main chain heads approximately east-northeast , a heading it follows until its end near Vienna .",Geography,0.39,1
The main peaks of the Bernese Alps are :,The chief passes of the Bernese Alps are :,Geography,0.81,1
"The county is noted for its undeveloped landscape of high moorland , a favourite with landscape painters , and now largely protected as a National park .","The county is noted for its undeveloped landscape of high moorland , now largely protected as the Northumberland National Park .",Geography,0.37,1
"There were 94,416 housing units at an average density of 678.5/km² ( 1,757.3/mi² ) .","There were 94,416 housing units at an average density of 1,757.3 per square mile ( 678.5/km ) .",Geography,0.24,0
"Dajabón is a Dominican province ; it is in the northwestern part of the country , on the border with Haiti .","Dajabón ( ) is a province of the Dominican Republic , on the border with Haiti .",Geography,0.41,1
Venango County is a county in the U.S. state of Pennsylvania .,Venango County is a county located in the Commonwealth of Pennsylvania .,Geography,0.41,1
"Ocean Springs is a city in Jackson County , Mississippi , USA , about 2 miles east of Biloxi .","Ocean Springs is a city in Jackson County , Mississippi , about east of Biloxi and west of Gautier .",Geography,0.28,1
"Under Italian rule ( 1918–1943 ) , the area that is now the Municipality of Idrija was a `` comune '' of the Province of Gorizia ( as `` Idria '' ) .",It is the seat of the Municipality of Idrija .,Geography,0.34,1
Putnam County is a county in the U.S. state of Florida .,Putnam County is a county located in the state of Florida .,Geography,0.39,1
Braives is a Walloon municipality in the Belgian province of Liège .,Braives is a Walloon municipality located in the Belgian province of Liège .,Geography,0.3,1
"Until the construction of modern roads , the peninsula was almost inaccessible in winter because of marshland cutting off the higher ground .","Until the construction of modern roads , the peninsula was almost inaccessible in winter due to the band of marshland cutting off the higher ground of the promontory itself .",Geography,0.37,1
The Bourke family has been in Mayo since the thirteenth century .,The Hiberno-Norman Bourkes have been in Mayo since the thirteenth century .,Geography,0.33,0
In 1861 the southeastern part of Cherokee County became Clay County and in 1872 its northeastern part became Graham County .,In 1872 its northeastern part was also separated and became Graham County .,Geography,0.36,1
Andalusia is one of the 17 Spanish autonomous communities and is in the southwestern region of the European Union .,Andalusia is one of the 17 autonomous communities of Spain .,Geography,0.23,1
"The river gave its name to the Don River in Ontario , which runs through Toronto , Canada .","The river gave its name to the Don River , one of the principal rivers of Toronto , Canada .",Geography,0.48,1
Bimini is home to several unique and threatened species .,"Bimini is home to several unique , endemic and threatened species .",Geography,0.32,0
The Chocolate Hills are a remarkable example of conical karst topography .,The Chocolate Hills are considered to be a remarkable example of conical karst topography .,Geography,0.46,1
"Madison Lake is a small town in Blue Earth County , Minnesota , United States .","Madison Lake is a small affluent town in Blue Earth County , Minnesota , United States .",Geography,0.3,1
"The incarnation is the belief that Jesus , who is the non-created second person of the triune God ; took on a human body and everything that is human and became both man and God .","It is a belief that the Son of God , who is the non-created second hypostasis of the triune God , took on a human body and nature and became both man and God .",Geography,0.19,0
An emergency was declared for the northern Jackson area shortly after 11:00 am CDT ( 1600 UTC ) .,A tornado emergency was declared for the northern Jackson metropolitan area as a result at shortly after 11:00 am CDT ( 1600 UTC ) .,Geography,0.23,0
"A ghetto was established in the town , to which many groups of Jews were relocated , including Jews from Slovakia .","A Nazi ghetto was established in the town , to which many groups of Jews were relocated , including Jews expelled from Slovakia .",Geography,0.42,1
The Turks in Germany are the largest ethnic minority in Germany .,They form the largest ethnic minority in Germany .,Geography,0.33,1
"With a population of over 71 million , the Democratic Republic of the Congo is the nineteenth most populous nation in the world , the fourth most populous nation in Africa , as well as the most populous Francophone ( French-speaking ) country .",The Democratic Republic of the Congo is the most biodiverse African country .,Geography,0.54,1
Tarawa is an atoll in the Republic of Kiribati .,South Tarawa is the capital of the Republic of Kiribati .,Geography,0.29,1
And in 1842 the western part of Anson County was combined with the southeastern part of Mecklenburg County to make Union County .,"Finally , in 1842 the western part of Anson County was combined with the southeastern part of Mecklenburg County to become Union County .",Geography,0.29,1
"The White Mountains are a child of the Appalachians , and there are also children of the Whites , like the Sandwich Range and the Presidential Range .","The White Mountains are a child of the Appalachians , and there are also children of the Whites , including the Sandwich Range and the Presidential Range .",Geography,0.68,1
"Its area is 2,812 km² , of which about three quarters are considered productive .","Its area is , of which about three quarters are considered productive to trees or crops .",Geography,0.37,1
They were purchased by British Rail in 1967 and transported to the Isle of Wight to work 'mainline ' services on the newly electrified Ryde to Shanklin line .,"They were purchased by British Rail in 1967 and transported to the Isle of Wight to work 'mainline ' services on the newly electrified Ryde to Shanklin line , where they worked for an additional quarter century .",Geography,0.27,1
Many islands are at the coast .,Many islands are located at the coast .,Geography,0.52,1
"It is on the Seven Sisters branch of the Lea Valley Lines , between Stoke Newington and Hackney Downs .","It is located on the Seven Sisters branch of the Lea Valley Lines , between Stoke Newington and Hackney Downs .",Geography,0.3,1
"It is situated on both banks of the River Nore , at the centre of County Kilkenny in the historical province of Leinster in the south-east of the country .","Kilkenny is situated in the Nore Valley on both banks of the River Nore , at the centre of County Kilkenny in the province of Leinster in the south-east of Ireland .",Geography,0.53,1
He was chosen for the Second Australian Imperial Force in April 1940 and was given command of the 20th Brigade which went by ship to the Middle East in October 1940 to begin training in Palestine .,He was appointed to the Second Australian Imperial Force in April 1940 and was given command of the 20th Brigade which sailed for the Middle East in October 1940 to begin training in Palestine .,Geography,0.21,0
"Joyce expanded the chain quickly in geography and in product selection , opening the 500th store in Aylmer , Quebec , in 1991 .",Joyce expanded the chain quickly and aggressively in geography and in product selection .,Geography,0.76,1
"The name `` Amu '' is said to have come from the medieval city of `` Āmul '' , ( later , Chahar Joy/Charjunow , and now known as `` Türkmenabat '' ) , in modern Turkmenistan .","The name `` Amu '' is said to have come from the medieval city of `` Āmul '' , ( later , Chahar Joy/Charjunow , and now known as Türkmenabat ) , in modern Turkmenistan , with `` Darya '' being the Persian word for `` river '' .",Geography,0.33,1
"The division includes the cities of Wagga Wagga and Griffith and the towns of Coleambally , Coolamon , Gundagai , Hillston , Junee , Leeton , Narrandera , Temora , Tumut , Tumbarumba and West Wyalong .","The division includes the cities of Wagga Wagga and Griffith as well as the towns of Junee , West Wyalong , Tumut , Gundagai , Hay and Leeton .",Geography,0.27,1
Brandstorp Church ( ) is a wooden church in Brandstorp in Sweden .,Brandstorp Church ( ) is a wooden church building in Brandstorp in Sweden .,Geography,0.46,1
"Portland is an unincorporated community in Callaway County , Missouri , United States .","Portland is an unincorporated community in eastern Callaway County , Missouri , USA .",Geography,0.35,1
"After getting weapons and supplies at Laketown , the dwarves leave for the Lonely Mountain , but leave Kíli behind because of his injury , and Fili , Bofur and Oin stay behind to be with him .","After acquiring provisions at Esgaroth , the dwarves leave for the Lonely Mountain , but leave Kili , Fili , Bofur and Óin behind due to Kili 's injury .",Geography,0.28,1
Staffordshire ( abbreviated Staffs ) is a county in the West Midlands region of England .,Staffordshire ( or ; abbreviated Staffs ) is a landlocked county in the West Midlands of England .,Geography,0.36,1
"Grand Bayou is an unincorporated community in Red River Parish , Louisiana , United States .","Grand Bayou is an unincorporated community in west central Red River Parish , Louisiana , United States .",Geography,0.4,1
"The attacking force would consist of 5,000 Canadians , 1,000 British troops , and 50 United States Rangers .","It involved 5,000 Canadians , 1,000 British troops , and 50 United States Army Rangers .",Geography,0.22,0
"Rostov Yaroslavsky is the official name of its railway station ( due to its position in Yaroslavl Oblast ) , but not of the town itself .",Rostov Yaroslavsky is the official name of its railway station ( due to its position in Yaroslavl Oblast ) .,Geography,0.39,1
Its capital is situated at the town of Méguet .,Its capital lies at the town of Mogtédo .,Geography,0.34,1
"A few outbreaks have been reported in tropical Africa and in some parts of Southeast Asia. , but not India .",A few outbreaks have been reported in tropical Africa and in some areas in Southeast Asia .,Geography,0.35,1
A separate attempt to establish bases in the central Solomons to use to send barge convoys to Guadalcanal also failed because of Allied air attacks .,A separate attempt to establish bases in the central Solomons to facilitate barge convoys to Guadalcanal also failed because of destructive Allied air attacks .,Geography,0.29,1
"The town Gurnee , Illinois is named after him .","The town of Gurnee , Illinois is named for him .",Geography,0.44,1
"He was shot to death by Rosario police in a murky episode on May 28 , 1991 , allegedly during an armed robbery .","He was shot to death by Rosarian police in a murky episode on 28 May 1991 , allegedly during an armed robbery .",Geography,0.23,0
The localities along the Jurassic Coast include some important fossil zones .,Localities along the Jurassic Coast include a large range of important fossil zones .,Geography,0.37,1
"Trams service North , South and East Caulfield with route 67 ( along Glenhuntly Road ) route 64 ( along Hawthorn Road ) , crossing Hawthorn Road at both Balaclava Road and Glenhuntly Road and route 3 near the railway station .","Trams service North South and East Caulfield extensively via route 67 ( along Glen Huntly Road ) route 64 ( along Hawthorn Road ) , crossing Hawthorn Road at both Balaclava Road and Glen Huntly Road and route 3 near the railway station .",Geography,0.2,1
Von Mackensen 's 14th Army took command of the defence on January 25 .,Von Mackensen 's 14th Army assumed overall control of the defence on January 25 .,Geography,0.22,0
Puppis is a constellation that can be seen in the southern sky .,Puppis is a constellation in the southern sky .,Geography,0.4,0
The identity of the Balkans is dominated by its geography ; historically the area was known as a crossroads of several cultures .,The identity of the Balkans is dominated by its geographical position ; historically the area was known as a crossroads of cultures .,Geography,0.6,1
The Canton of Geneva is not divided into districts .,The Canton of Lucerne is divided into 5 districts :,Geography,0.49,1
"It is intended to be a place where the plants and animals are protected from humans , domestic animals and feral pests .","It is intended to be a place where the flora and fauna are free from interference from humans , domestic animals and feral pests .",Geography,0.4,0
"It is a bird of large inland and coastal waters , especially shallow lakes .","It is a bird of large inland and coastal waters , especially large lakes .",Geography,0.42,0
Bishkek ( Бишкек ) is the capital city of Kyrgyzstan .,Bishkek is the most populated city in Kyrgyzstan .,Geography,0.23,1
"He was a career soldier who spent much of his military career in India , where he developed a love of the country and a lasting affinity for the soldiers he commanded .","He was a career soldier who spent much of his military career in India , where he rose to become Commander-in-Chief of the Indian Army by early 1941 .",Geography,0.34,0
These people had ... been [ running away ] and were shot from behind . '',These people had presumably been fleeing and were shot from behind .,Geography,0.21,0
The Blood pheasant is the only species in the Genus `` Ithaginis '' of the Pheasant family .,The blood pheasant is the state bird of the Indian state of Sikkim .,Geography,0.37,1
The municipalities of Eastport and Lubec are the easternmost city and town in the United States .,"The municipalities of Eastport and Lubec are , respectively , the easternmost city and town in the United States .",Geography,0.47,1
"Since the nineteenth century , it has been connected by rail to both cities by the Princeton Branch rail line to the nearby Princeton Junction Station on Amtrak 's Northeast Corridor.. Princeton is close to many major highways that serve both cities , and receives some TV and radio broadcasts from each .","Since the 19th century , it has been connected by rail to both of these cities by the Princeton Branch rail line to the nearby Princeton Junction Station on Amtrak 's Northeast Corridor .",Geography,0.28,1
The 3rd Tank Division began to attack on May 13 and won Luoyang on May 25 .,The 3rd Tank Division began to attack Luoyang on May 13 and took it on May 25 .,Geography,0.26,0
"Until the Meiji Restoration , Tokushima prefecture was known as Awa Province .","Until the Meiji Restoration , Tokushima Prefecture was known as Awa Province .",Geography,0.41,1
"It is on the east bank of the Tigris in the Salah ad Din Governorate , 125 km north of Baghdad .","It stands on the east bank of the Tigris in the Saladin Governorate , north of Baghdad .",Geography,0.48,1
The actual site of his grave is not known .,The actual site of Kōan 's grave is not known .,Geography,0.55,1
Lancashire is a county in the North West of England .,is a county in north west England .,Geography,0.71,1
"Fintry is a small village in central Scotland , nestled in the strath of the Endrick Water in the Campsie Fells some 35 km north of Glasgow .","Fintry is a small village in central Scotland , nestled in the strath of the Endrick Water between the Campsie Fells and the Fintry Hills , some 19 miles ( 30.5 km ) north of Glasgow .",Geography,0.35,1
Cypress is a suburb city in the northern region of Orange County in Southern California .,Cypress is a city in northern Orange County within Southern California .,Geography,0.33,1
Bangkok ( Thai : กรุงเทพมหานคร ) is the capital city of the Asian country Thailand .,Bangkok ( ) is the capital and most populous city of Thailand .,Geography,0.27,1
Bush Hill Park railway station is in the London Borough of Enfield in north London .,"Bush Hill Park railway station is located at Bush Hill Park in the London Borough of Enfield , north London .",Geography,0.24,1
"The San Joaquin River is one of the two major rivers of California , in the United States .",The San Joaquin River is the longest river of Central California in the United States .,Geography,0.38,1
"Finally , it flows , as a left tributary , into the Seine river in the town of Montereau-Fault-Yonne , at of altitude .",It flows into the river Seine in Montereau-Fault-Yonne .,Geography,0.4,1
It is one of the largest areas of semi-natural ( partially unmanaged ) woodland in the UK .,It is one of the largest remaining ancient woodlands in Britain .,Geography,0.36,1
It is part of the French Polynesia .,Tahiti is part of French Polynesia .,Geography,0.53,1
"The district was made by joining the old districts of Bernburg , Schönebeck and Aschersleben-Staßfurt ( except the town Falkenstein ) as part of the boundary changes of 2007","The district was established by merging the former districts of Bernburg , Schönebeck and Aschersleben-Staßfurt ( except the town Falkenstein ) as part of the reform of 2007 .",Geography,0.29,1
"Shepreth Wildlife Park ) , a nature reserve ( Shepreth L-Moor ) and one of the UK 's only insect research laboratories .","The parish contains a wildlife park , a nature reserve , Shepreth L-Moor , and one of the UK 's only insect research laboratories .",Geography,0.3,1
It is supposed to have the longest high street in Britain .,It is the oldest city in Wales .,Geography,0.36,1
"Although some of the Torres Strait islands are just off the coast of New Guinea , they were taken over in 1879 by Queensland , then a British colony .","Although some of the Torres Strait islands lie just off the coast of New Guinea , they were annexed in 1879 by Queensland , then a British colony .",Geography,0.39,1
"The Republic of Sierra Leone has four regions the Northern Province , Southern Province , the Eastern Province and the Western Area .","The Republic of Sierra Leone is composed of four regions : the Northern Province , Southern Province , the Eastern Province , and the Western Area .",Geography,0.43,1
"Northampton railway station is a major station serving the town of Northampton in Northamptonshire , England .",Northampton railway station serves the large town of Northampton in England .,Geography,0.36,1
All Saints Church ( ) is a church building in the town of Lund in Sweden .,"All Saints Church ( ) is a church building in Lund , Sweden .",Geography,0.36,1
Premium economy is a travel class offered on some airlines to give better experience than economy class but for much less money than business class .,Premium economy is a travel class offered on some airlines .,Geography,0.27,0
The River Fal separates the Roseland Peninsula from the rest of Cornwall .,The River Fal separates the Roseland peninsula from the rest of Cornwall .,Geography,0.54,1
"The name was often spelled Hygeia in the nineteenth century , for example in the `` Monthly Notices of the Royal Astronomical Society '' .","The name was occasionally misspelled Hygeia in the 19th century , for example in the `` Monthly Notices of the Royal Astronomical Society '' .",Geography,0.22,0
Svalbard Airport in Longyearbyen is the main airport .,"Svalbard Airport , Longyear serves as the main gateway .",Geography,0.35,1
"Villa Hills is a city in Kenton County , Kentucky in the United States .","Villa Hills is a city in Kenton County , Kentucky , along the Ohio River .",Geography,0.43,1
"Wallacea consists of islands that were never recently connected by dry land to either of the continental land masses , and thus was populated by organisms capable of crossing the straits between islands .","Wallacea consists of islands that were not recently connected by dry land to either of the continental land masses , and thus were populated by organisms capable of crossing the straits between islands .",Geography,0.32,1
Pope Gregory III ( ; died 28 November 741 ) was an Syrian priest of the Roman Catholic Church and the 90th Pope from 11 February 731 to 28 November 741 .,Pope Gregory III ( ; died 28 November 741 ) was Pope from 11 February 731 to his death in 741 .,Geography,0.26,0
There is a temple dedicated to the God Shiva nearby .,The temple is dedicated to the Goddess Kali .,Geography,0.27,0
"In general , the Riverina is an alluvial plain formed by soil carried from the Great Dividing Range by streams between 30,000 to 15,000 years ago .","In general , the Riverina is an alluvial plain formed by deposition carried from the Great Dividing Range by streams between 30,000 and 15,000 years ago .",Geography,0.54,1
The Nevill Ground is recognised in cricket for having rhododendron bushes around the edge of the pitch..,The Nevill Ground is known for having rhododendron bushes around the perimeter .,Geography,0.38,1
"Belonging to Luleå Cathedral Parish of the Church of Sweden , it serves the Diocese of Luleå , and was opened in 1893 and became a cathedral in 1904 .",It became cathedral when the Diocese of Luleå was formed in 1904 .,Geography,0.3,1
The temple was destroyed by the Spanish in 1521 .,The temple was destroyed by Christians in 1521 .,Geography,0.38,0
"The population of Portage la Prairie was 12,728 at the 2006 census and is the 4th largest city in the province of Manitoba .","The second , Portage la Prairie 2 , is located at , just west of the city .",Geography,0.41,1
"Loogootee is a city of Martin County in the state of Indiana , United States .","Loogootee is a city in Martin County , Indiana , United States .",Geography,0.4,1
"Section 60 , in the southeast part of the cemetery , is the burial ground for military personnel killed in the Iraq War and the War in Afghanistan .","Section 60 , in the southeast part of the cemetery , is the burial ground for military personnel killed in the Global War on Terror since 2001 .",Geography,0.55,1
The WWF major habitat types are as follows :,The WWF major habitat types are :,Geography,0.19,0
"In 1753 , the northern part of Anson County became Rowan County .",In 1762 the western part of Anson County became Mecklenburg County .,Geography,0.33,1
"During the bombings , on April 19 , there was a shootout between police and the Tsarnaev brothers .","Following the bombings , on April 18 , there was a shootout between police and the Tsarnaev brothers .",Geography,0.23,0
"No one lives on Burhou , and it is a bird sanctuary , so landing there is banned from 15 March to 27 July .","It has no permanent residents , and is a bird sanctuary , so landing there is banned from March 15 to July 27 .",Geography,0.29,0
It is about five miles northeast of Bodmin .,It is approximately five miles northeast of Bodmin .,Geography,0.31,1
"In mathematics , Thales used geometry to solve problems such as calculating the height of pyramids and the distance of ships from the shore .","In mathematics , Thales used geometry to calculate the heights of pyramids and the distance of ships from the shore .",Geography,0.32,0
Diepenbeek is a municipality in the Belgian province of Limburg .,Diepenbeek is a municipality located in the Belgian province of Limburg near Hasselt .,Geography,0.26,1
The house was declared a National Historic Landmark in 1962 .,The cottage was declared a National Historic Landmark in 1962 .,Geography,0.26,0
Asuka was abandoned when Empress Jitō moved the court and the capital to Fujiwara-kyō .,Asuka was abandoned by Empress Jitō when she and her court moved to Fujiwara-kyō .,Geography,0.25,0
Hughes County is a county in the U.S. state of Oklahoma .,Hughes County is a county located in south central U.S. state of Oklahoma .,Geography,0.29,1
"The Cathedral Church of Christ , Blessed Mary the Virgin and St Cuthbert of Durham ( usually known as Durham Cathedral ) is a cathedral in the city of Durham , England , the seat of the Anglican Bishop of Durham .","The Cathedral Church of Christ , Blessed Mary the Virgin and St Cuthbert of Durham , usually known as Durham Cathedral and home of the Shrine of St Cuthbert , is a cathedral in the city of Durham , England , the seat of the Anglican Bishop of Durham .",Geography,0.34,1
"A depiction of a sternpost-mounted rudder can be seen on a pottery model of a Chinese junk dating from the 1st century AD during the Han Dynasty , predating their appearance in the West by a thousand years.The technology of stern-mounted rudder in Europe and Islam World , which was introduced by travelers in the Middle Ages , was transferred from China","Many historians ' consensus considered the technology of stern-mounted rudder in Europe and Islam World , which was introduced by travelers in the Middle Ages , was transferred from China .",Geography,0.32,1
The Canton of Lucerne is divided into 5 districts termed `` Ämter '' :,The Canton of Neuchâtel is divided into 6 districts :,Geography,0.37,1
"Some of the counties established by the Act were entirely new , such as Avon , Cleveland , Cumbria , Hereford and Worcester , and Humberside , along with the new metropolitan counties of Greater Manchester , Merseyside , South Yorkshire , Tyne and Wear , West Midlands , and West Yorkshire .","However , some of the counties established by the Act were entirely new , such as Avon , Cleveland , Cumbria , Hereford and Worcester , and Humberside , along with the new metropolitan counties of Greater Manchester , Merseyside , South Yorkshire , Tyne and Wear , West Midlands and West Yorkshire ; based on the major conurbations .",Geography,0.34,1
"Daphne is a city in Baldwin County , Alabama , USA on the eastern shoreline of Mobile Bay .","Daphne is incorporated in Baldwin County , Alabama .",Geography,0.3,1
The Karesuando Church ( ) is a wooden church building in Karesuando in Sweden .,The church is the northernmost in Sweden .,Geography,0.7,1
Bella Vista is a city of the state of Arkansas in the United States of America .,"Bella Vista is a city in Benton County , Arkansas .",Geography,0.36,1
Fiebig was shot down and spent five days as a Dutch prisoner of war .,Fiebig himself was shot down and spent five days as a Dutch prisoner of war .,Geography,0.23,0
The passenger pigeon ( `` Ectopistes migratorius '' ) or wild pigeon was a species of pigeon that was once the most common bird in North America .,The passenger pigeon or wild pigeon ( `` Ectopistes migratorius '' ) is an extinct species of pigeon that was endemic to North America .,Geography,0.24,0
"He is buried in the Panthéon , in Paris .",He is buried in the .,Geography,0.28,1
The village is on the eastern bank of the Eder River .,The village is situated on the eastern ( cut ) bank of the Eder River .,Geography,0.43,1
"It is on the ancient manor of Pentre Ifan in the civil parish of Nevern , Pembrokeshire , Wales .","Pentre Ifan is the name of an ancient manor in the civil parish of Nevern , Pembrokeshire , Wales .",Geography,0.47,1
"Machair or machar is a Gàidhlig ( Scottish Gaelic ) word used to describe a fertile low-lying grassy plain found on some of the north-west coastlines of Ireland and Scotland , in particular the Outer Hebrides .","The machair ( ; sometimes machar in English ) refers to a fertile low-lying grassy plain found on some of the north-west coastlines of Ireland and Scotland , in particular the Outer Hebrides .",Geography,0.37,1
"The people who settled here after 16th century were mostly from Nepali ethnic group such as Newars , Bahuns ( Adhikari , Paudel , Gautam , Dahal , Bhandari and Achaarja ) , Chhetri ( Subedi , Khatiwada & Bista ) , Gurung , Rai and Limboo .","The people who settled were Gorkha ethnic groups such as Newars , Bahuns ( Adhikari , Poudyal , Gautam , Dahal , Bhandari , Pokhrel and Achaarja ) , Chhetri ( Subedi , Khatiwada & Bista ) , Gurung , Rai and Limboo .",Geography,0.34,1
"The Dordrecht Confession of Faith is a statement of faith that was created by Dutch Mennonite leaders at a meeting ( also known as a Synod ) in Dordrecht , Netherlands , on April 21 , 1632 .","The Dordrecht Confession of Faith is a statement of religious beliefs adopted by Dutch Mennonite leaders at a meeting in Dordrecht , the Netherlands , on 21 April 1632 .",Geography,0.28,1
"Officially , the stars mean Kosovo 's six major ethnic groups .",The stars symbolise Kosovo 's six major ethnic groups .,Geography,0.45,1
"The Upper Jurassic Morrison Formation is found in several U.S. states , including Colorado , Utah , Wyoming , Montana , New Mexico , Oklahoma , South Dakota , and Texas .","The Late Jurassic Morrison Formation is found in several U.S. states , including Colorado , Utah , Wyoming , Montana , New Mexico , Oklahoma , South Dakota , and Texas .",Geography,0.35,1
"Early on September 10 , the JMA too downgraded Kulap to a tropical depression , and continued to track Kulap 's remnants as a tropical depression until it finally dissipated early on September 11 .","Late on December 14 , the tropical depression dissipated near Borneo .",Geography,0.28,1
Celal spent most of her childhood in Anatolia .,She spent most of her childhood in Anatolia .,Geography,0.47,1
"The British Armed Forces have bases in the following places : Ascension Island , Belize , Brunei , Canada , Diego Garcia , the Falkland Islands , Germany , Gibraltar , Kenya , Qatar and the Sovereign Base Areas ( Cyprus ) .","Overseas garrisons and facilities are maintained at Ascension Island , Belize , Brunei , Canada , Diego Garcia , the Falkland Islands , Germany , Gibraltar , Kenya , Qatar and Cyprus .",Geography,0.34,1
The tomb of Innocent XII at St. Peter 's Basilica was sculpted by Filippo della Valle .,His tomb at St. Peter 's Basilica was sculpted by Filippo della Valle .,Geography,0.23,0
"Estonia ( ) , officially the Republic of Estonia ( ) is a small country in the Baltic Region of Northern Europe .","Estonia ( ; ) , officially the Republic of Estonia ( ) , is a country in the Baltic region of Northern Europe .",Geography,0.3,1
The second part covers the Trojan War to the death of Alexander the Great .,The second covers the Trojan War to the death of Alexander the Great .,Geography,0.2,0
The 96th Infantry Division had violent fights with Japanese troops in fortified positions .,The Japanese soldiers hid in fortified caves .,Geography,0.34,0
Traditional instruments made by Aboriginals in Arnhem Land are sometimes fitted with a 'sugarbag ' mouthpiece .,Traditional instruments made by Aboriginal craftsmen in Arnhem Land are sometimes fitted with a `` sugarbag '' mouthpiece .,Geography,0.26,1
"It joins the Pamlico Sound with the Atlantic Ocean and separates Bodie Island from Pea Island , which are kept together by a bridge over this inlet .","It joins the Pamlico Sound with the Atlantic Ocean and separates Bodie Island from Pea Island , which are connected by the 2.5 mile Herbert C. Bonner Bridge that spans the inlet .",Geography,0.24,1
"Thetford is a town near the A11 road , in Breckland District , Norfolk , England .","Thetford is a market town and civil parish in the Breckland district of Norfolk , England .",Geography,0.28,1
"With discovery of new lands to the West ( which seemed at the time to be far East Asia ) , the whispers of glory and wealth were too compelling for the poor .","With discovery of new lands to the west ( which they thought at the time to be East Asia ) , they were attracted to whispers of glory and wealth .",Geography,0.52,1
"The Russian Empire began to expand into Asia from the 17th century , eventually taking control of all of Siberia and most of Central Asia by the end of the 19th century .","The Russian Empire began to expand into Asia from the 17th century , and would eventually take control of all of Siberia and most of Central Asia by the end of the 19th century .",Geography,0.41,1
"This is cut off on the northwest side by the Winslade Fault , which heads northeast to Cook and Kaleen .","This is cut off on the northwest side by the Winslade Fault , which heads north east to and .",Geography,0.57,1
It is named for the river Indus and Ancient India on its north shore .,It is named after India .,Geography,0.43,1
"Archway tube station is a London Underground station in north London , underneath the Archway Tower , at the intersection of Holloway Road , Highgate Hill and Junction Road in the area known as Archway .","Archway is a London Underground station in Archway , of the London Borough of Islington , north London .",Geography,0.32,1
"It is at the western edge of a conurbation consisting of Camborne , Pool and Redruth .","It is at the western edge of a conurbation comprising Camborne , Pool and Redruth .",Geography,0.35,1
A force of Company sepoys and British troops led by Robert Clive recaptured the city the next year .,A force of Company soldiers ( `` sepoys '' ) and British troops led by Robert Clive recaptured the city the following year .,Geography,0.2,0
"The Northwest Highlands are the northern third of Scotland , which is separated from the Grampian Mountains by the Great Glen .",The Northwest Highlands are located in the northern third of Scotland that is separated from the Grampian Mountains by the Great Glen ( Glen More ) .,Geography,0.59,1
So many ships have been lost around it that the area is known as the `` Graveyard of the Atlantic '' .,So many ships have been lost off Cape Hatteras that the area is known as the `` Graveyard of the Atlantic . '',Geography,0.4,1
On 4 August when the Home Army soldiers managed to establish front lines in the westernmost areas of Wola and Ochota .,The Uprising reached its apogee on 4 August when the Home Army soldiers managed to establish front lines in the westernmost boroughs of Wola and Ochota .,Geography,0.3,0
The National Statuary Hall Collection in the United States Capitol is a collection of statues donated by individual states to honor people very important in their history .,The National Statuary Hall Collection in the United States Capitol is composed of statues donated by individual states to honor persons notable in their history .,Geography,0.22,0
"The main languages of the Presidency were Sindhi in Sindh , Kutchi in Kutch , Gujarati and Hindustani in Gujarat , Marathi in Thana and the central division , Gujarati and Marathi in Khandesh , and Marathi and Kannada in the southern division .","The chief languages of the Presidency were Sindhi in Sindh , Kutchi in Kutch , Gujarati and Hindustani in Gujarat , Marathi in Thana and the central division , Gujarati and Marathi in Khandesh , and Marathi and Kannada in the southern division .",Geography,0.22,1
"It includes the Adelaide Hills , Fleurieu Peninsula and Kangaroo Island , including the towns of Bridgewater , Crafers , Echunga , Gumeracha , Hahndorf , Langhorne Creek , Lobethal , Macclesfield , Mount Barker , Myponga , Oakbank , Stirling , Strathalbyn , Victor Harbor , Woodside , Yankalilla , and part of Birdwood .","It takes in the Adelaide Hills , Fleurieu Peninsula and Kangaroo Island , including the towns of Bridgewater , Crafers , Echunga , Gumeracha , Hahndorf , Langhorne Creek , Lobethal , Macclesfield , Mount Barker , Myponga , Oakbank , Stirling , Strathalbyn , Victor Harbor , Woodside , Yankalilla , and part of Birdwood .",Geography,0.5,1
"It features a map of the whole island , with two olive branches below the map ( a symbol of peace ) on white as a background ( another symbol of peace ) .","The state flag features a map of the entirety of the island , with two olive branches below ( a symbol of peace ) on white ( another symbol of peace ) .",Geography,0.43,1
Approximately 15 mi ( 25 km ) southwest of Boonesborough it is joined by the Red River .,Approximately southwest of Boonesborough it is joined by Silver Creek .,Geography,0.28,1
Center Point is a city of Iowa in the United States .,"Center Point is a city in Linn County , Iowa , United States .",Geography,0.39,1
"Ithaca Tompkins Regional Airport is a county-owned public-use airport three miles ( 5 km ) northeast of the central business district of Ithaca , the county seat and largest city in Tompkins County , New York , United States .","Ithaca Tompkins Regional Airport is a county owned airport three miles northeast of Ithaca , the county seat and only city in Tompkins County , New York .",Geography,0.26,1
For most of the 20th century it was part of Yugoslavia .,"From 1918 , it was a part of Yugoslavia .",Geography,0.35,1
The tree-line or timberline is the edge of the habitat at which trees can grow .,The tree line is the edge of the habitat at which trees are capable of growing .,Geography,0.34,0
"The River Don ( also called the `` Dun '' in some sections ) is a river in South Yorkshire , England .","The River Don ( also called `` Dun '' in some stretches ) is a river in South Yorkshire , England .",Geography,0.46,1
He sailed for India in April 1807 and arrived at Serampore the following November .,He sailed for India in April 1807 via the African cape and arrived at Serampore the following November .,Geography,0.24,1
"The Central Midlands Regional Transit Authority ( CMRTA ) , operates mass transit in the greater Columbia area including Cayce , West Columbia , Forest Acres , Arcadia Lakes , Springdale , and the St. Andrews area .","The Central Midlands Regional Transit Authority ( CMRTA ) , is the agency responsible for operating mass transit in the greater Columbia area including Cayce , West Columbia , Forest Acres , Arcadia Lakes , Springdale , Lexington and the St. Andrews area .",Geography,0.27,1
"In addition to serving as a seaplane base , Midway 's airstrips were used for bomber attacks on Wake Island .","In addition to serving as a seaplane base , Midway 's airstrips also served as a forward staging point for bomber attacks on Wake Island .",Geography,0.23,0
"Alverstone is a village 3 kilometres from the east coast of the Isle of Wight , near Sandown .","Alverstone is a village 2 miles from the east coast of the Isle of Wight , near Sandown .",Geography,0.26,1
Peshkopi is east of the Black Drin river .,Peshkopi lies east of the Black Drin river .,Geography,0.46,1
"It is bordered by the Caspian Sea to the east , Russia to the north , Georgia to the northwest , Armenia to the west , and Iran to the south .","It is bounded by the Caspian Sea to the east , Russia to the north , Georgia to the northwest , Armenia to the west , and Iran to the south .",Geography,0.48,1
It is found in the region Rhône-Alpes in the Ain department in the east of France .,Champdor is a former commune in the Ain department in eastern France .,Geography,0.26,1
"Two of the islands are Melville Island , part of the Tiwi Islands , off Australia and the Australian-governed Ashmore and Cartier Islands .","A number of significant islands are located in the sea , notably Melville Island , part of the Tiwi Islands , off Australia and the Australian-governed Ashmore and Cartier Islands .",Geography,0.46,1
Most of the buildings were still in ruin while he was there and the tomb of Abdullah ibn Abbas – cousin of Muhammad and ancestor of the Abbasid Caliphate – had been severely damaged .,"Most of the buildings were still in ruin while he was there , and the tomb of Abdullah ibn Abbas – cousin of Muhammad and ancestor of the Abbasids – had been severely damaged .",Geography,0.24,0
The remains of Sendai Castle are on a hill above the city .,The remains of Sendai Castle stand on a hill above the city .,Geography,0.3,1
"Following World War II , the turnpike was built east to Valley Forge in 1950 and west to the Ohio border in 1951 .","Following World War II , the turnpike was extended east to Valley Forge in 1950 and west to the Ohio border in 1951 .",Geography,0.33,1
The capital is Bordj Bou Arreridj .,Its capital is Bordj Bou Arreridj .,Geography,0.4,1
"When `` Bismarck '' was sunk on 27 May 1941 , only 116 sailors out of over 2,200 survived .","When she was sunk on 27 May 1941 , only 116 out of a crew of over 2,200 survived .",Geography,0.21,0
"Disease , including dysentery and typhoid were common .","Disease , including cholera and typhoid , was common .",Geography,0.29,0
The Central Cross-Island Highway ( ) or Provincial Highway No.8 is one of three highway systems that connect the east and west coasts of Taiwan .,The Central Cross-Island Highway ( ) or Provincial Highway No.8 is one of three highway systems that connect the west coast with the east of Taiwan .,Geography,0.29,1
"There were other crusades against Islamic forces in southern Spain , southern Italy , and Sicily , as well as the campaigns of Teutonic knights against pagan strongholds in Eastern Europe , and ( to a much lesser extent ) crusades against Catharism or other Christian heresies .","There were other crusades against Islamic forces in southern Spain , southern Italy , and Sicily , as well as the campaigns of Teutonic knights against pagan strongholds in Northeastern Europe ( see Northern Crusades ) .",Geography,0.34,1
"The members of the family are shown as white Pekin ducks like Donald , although real-life coots are typically black .","The members of the family are depicted as white Pekin ducks like Donald , although real-life coots are typically black .",Geography,0.21,0
He was given an extra sentence of 25 years to life after he pled guilty to two homicides in New York which took place in 1971 and 1977 .,In 2013 he received an additional sentence of 25 years to life after pleading guilty to two homicides in New York in 1971 and 1977 .,Geography,0.19,0
"Tulagi and two nearby small islands , Gavutu and Tanambogo , were attacked by 3,000 U.S. Marines .","Tulagi and two nearby small islands , Gavutu and Tanambogo , were assaulted by 3,000 U.S. Marines .",Geography,0.25,1
"Beginning in the 1960s , there were sometimes outbreaks in Asia and Africa .","Beginning in the 1960s , periodic outbreaks were documented in Asia and Africa .",Geography,0.28,1
Tegna is a municipality of the district Locarno in the canton of Ticino in Switzerland .,Tegna is a former municipality in the district of Locarno in the canton of Ticino in Switzerland .,Geography,0.34,1
"It is the capital of the province with the same name , in the autonomous community of Castile-La Mancha .",It is the capital of the province of Ciudad Real .,Geography,0.5,1
Jasper County is the name of eight counties in the United States .,Jasper County is the name of eight counties in the United States of America .,Geography,0.53,1
The total land area is 355.6 km² ( 137.3 sq mi ) .,The total land area is .,Geography,0.44,1
"Rumi is official in Malaysia and Singapore , and the Indonesian language has a different official orthography that uses also the Latin script .","`` Rumi '' is official in Malaysia , Singapore , and Indonesia .",Geography,0.26,1
There are only few large temples or burial sites in the city ; it is thought that the inhabitants of Cancuén worshipped and buried their dead in the mountains near the city .,The city does not contain many large temples or burial sites ; it is thought that the inhabitants of Cancuén worshipped and buried their dead in the mountains near the city .,Geography,0.4,1
"Kot Choudrain is a village and Union Council , an administrative subdivision , of Chakwal District in the Punjab Province of Pakistan , it is part of Chakwal Tehsil .","Kot Choudrain is a village and union council , an administrative subdivision , of Chakwal District in the Punjab Province of Pakistan , it is part of Chakwal Tehsil .",Geography,0.21,1
The slave trade became so large in the 18th and 19th centuries that an “Atlantic community” was formed .,The slave trade became so extensive in the 18th and 19th centuries that an “Atlantic community” was formed .,Geography,0.28,1
"Yankton is a city in and the county seat of Yankton County , in the southern part of the U.S. state of South Dakota .","Yankton is a city in , and the county seat of , Yankton County , South Dakota , United States .",Geography,0.47,1
"In addition , captured T-26 light tanks were used by the Finnish , German , Romanian and Hungarian armies .","Captured T-26s were used by the Finnish , German , Romanian and Hungarian armies .",Geography,0.25,0
"The Four Corners is the place in the Southwestern United States where the four corners of New Mexico , Colorado , Utah , and Arizona meet .",It is the only location in the United States where four states meet .,Geography,0.58,1
"Greendale is a city in the state of Indiana , in the United States .","Greendale is a city in Dearborn County , Indiana , United States .",Geography,0.45,1
"The bird 's range surrounds the `` Amazon countries '' into the Andes foothills and higher heights of upstream river systems , but is not along the Amazon River proper in the central Amazon Basin , or the central upper Basin ; it is in Brazil at the river 's outlet , and upstream for about 500 km .","The bird 's range surrounds the Amazon countries into the Andes foothills and higher elevations of upstream river systems , but is not along the Amazon River proper in the central Amazon Basin , or the central upper Basin ; it is in Brazil at the river 's outlet , and upstream for about 500 km .",Geography,0.42,1
Taylor County is a county in the U.S. state of Texas .,Taylor County is a county located in the U.S. state of Texas .,Geography,0.26,1
"In the western and central Pacific , it occurs from off southern China , Taiwan , and the Ryukyu Islands , to the Philippines , Southeast Asia , and Indonesia , to northern Australia , and is also found around numerous islands in Melanesia , Micronesia , and Polynesia , as far as Hawaii to the north , and the Pitcairn Islands to the southeast .","In the eastern Pacific , it occurs from Costa Rica to Panama , and off the Galápagos Islands .",Geography,0.52,1
"In 1818 , the leaders of the Chickasaw signed a treaty giving up all land north of the southern border of Tennessee .","In 1818 , leaders of the Chickasaw signed a treaty ceding all claims to land north of the southern border of Tennessee .",Geography,0.34,0
"AKUT Search and Rescue Association `` ( Turkish : AKUT Arama Kurtarma Derneği ) '' is a non-governmental and volunteer organization in Turkey , which was established in 1996 by a group of mountaineers .",AKUT Search and Rescue Association ( ) is a Turkish non-governmental organization for disaster search and rescue relief .,Geography,0.27,0
"In 1761 , during the French and Indian War , a contingent of British soldiers led by Lieutenant Edward Jenkins captured and occupied the fort .","A contingent of British soldiers led by Lieutenant Edward Jenkins arrived in 1761 , capturing and occupying the fort .",Geography,0.22,0
"Others , including straight edge , DIY , or anarchist-identified persons may choose to live `` off-the-grid '' , outside the regular system of housing .","Others , including straight edge , DIY , or anarchist-identified persons who may choose to live `` off-the-grid '' , without facing exclusion from quotidian shelters due to sobriety issues .",Geography,0.28,0
Emperor Kōnin is traditionally venerated at his tomb ; the Imperial Household Agency designates `` Tahara no Higashi no Misasagi '' in Nara as the location of Kōnin 's mausoleum .,"Emperor Kōnin is traditionally venerated at his tomb ; the Imperial Household Agency designates , in Nara , Nara , as the location of Kōnin 's mausoleum .",Geography,0.52,1
The Irish Sea ( sometimes called the Manx Sea ) is a body of water that separates Ireland and Great Britain .,The Irish Sea lies between the islands of Ireland and Great Britain .,Geography,0.66,1
"Common names for local governments include state , province , région , départment , county , prefecture , district , city , township , town , borough , parish , municipality , shire and village .","Common names for local government entities include state , province , region , department , county , prefecture , district , city , township , town , borough , parish , municipality , shire , village , and local service district .",Geography,0.46,1
"Kashmiri saffron is recognisable by its extremely dark maroon-purple hue , among the world 's darkest , which suggests the saffron 's strong flavour , aroma , and colourative effect .","Kashmiri saffron is recognisable by its dark maroon-purple hue ; it is among the world 's darkest , which hints at strong flavour , aroma , and colouring effect .",Geography,0.23,0
"The Sri Maha Bodhi in Sri Lanka was planted in 288 BC , making it the oldest verified specimen of any angiosperm .","According to the Mahavamsa , the Sri Maha Bodhi in Sri Lanka was planted in 288 BC , making it the oldest verified specimen of any angiosperm .",Geography,0.3,1
The Dutch troops in the province lost all command .,The Dutch troops in the province hereby lost all unified command .,Geography,0.32,0
The park has a home for some of West Africa 's last wild African Elephants .,The park provides a home for some of West Africa 's last wild African elephants .,Geography,0.3,1
This was the start of the oil industry in the United States .,It is the 33rd largest state in the United States .,Geography,0.32,1
"At the same time , U.S. Marines advanced along the north coast of the island .","At the same time , U.S. Marines advanced along the north coast of the island , making significant gains .",Geography,0.31,1
"In 1969 , he was hired by the Department of Education as a chief program planner .","In 1969 , he was hired by the Department of Health , Education and Welfare as a chief program planner .",Geography,0.2,0
"With a population of around 16,000 people , it is one of the largest municipalities in the canton of Solothurn .","With over 16,000 inhabitants , it is one of the larger towns of the canton of Solothurn .",Geography,0.29,1
The capital of the province is the city of Prato .,Its capital is the city of Prato .,Geography,0.28,1
"It includes the suburbs of St Ives Chase , St Ives , East Killara , East Lindfield , Roseville Chase , Roseville , Lindfield , West Lindfield , West Killara , West Pymble , South Turramurra , Thornleigh , Gordon , Lindfield , Pymble , Killara , Wahroonga , Waitara and Hornsby .","The western border moves northwest including West Lindfield , West Killara , West Pymble , South Turramurra to Thornleigh .",Geography,0.36,1
"It is also the site of the Amberley Air Base , the Royal Australian Air Force 's largest operating base .","Ipswich is the site of RAAF Base Amberley , the Royal Australian Air Force 's largest operational base .",Geography,0.41,1
"The natural limits of Andalusia are : to the south , the Atlantic Ocean and the Mediterranean Sea ; to the north , the Sierra Morena , mountain range that separates Andalusia from the autonomous communities of Extremadura and Castilla-La Mancha ; to the west is Portugal ; and to the east is Murcia .",The Sierra Morena separates Andalusia from the plains of Extremadura and Castile–La Mancha on Spain 's Meseta Central .,Geography,0.57,1
"The meat of this shellfish is thought to be delicious in some parts of Latin America ( especially Chile ) , South East Asia , and East Asia ( especially in China , Japan , and Korea ) .","The meat of this mollusc is considered a delicacy in certain parts of Latin America ( especially Chile ) , France , New Zealand , Southeast Asia , and East Asia ( especially in China , Vietnam , Japan , and Korea ) .",Geography,0.28,1
The phrase `` Battle of the Bulge '' was made up by contemporary press to describe the way the Allied front line bulged inward on wartime news maps .,The phrase Battle of the Bulge was coined by contemporary press to describe the way the Allied front line bulged inward on wartime news maps .,Geography,0.26,1
The ancient capital city of the province was in the area of modern Kameoka .,The ancient provincial capital is believed to be in the area of modern Kameoka .,Geography,0.51,1
Its county seat is Okmulgee .,The county seat is Okmulgee .,Geography,0.49,1
"Some scholars think the name 'Saqqara ' is not derived from the ancient Egyptian funerary god Sokar , but from a supposed local Berber Tribe called Beni Saqqar .","Some scholars believe that the name Saqqara is not derived from the ancient Egyptian funerary god Sokar , but from a supposed local Berber Tribe called Beni Saqqar .",Geography,0.22,0
"A housemaid or , formerly , maidservant , or in current use maid is a female employed in domestic worker .","A maid , or housemaid or maidservant , is a female person employed in domestic service .",Geography,0.2,0
"There are three round towers : one at Antrim , one at Armoy , and one on Ram 's Island in Lough Neagh .","There are three round towers : one at Antrim , one at Armoy , and one on Ram 's Island in Lough Neagh , only that at Antrim being perfect .",Geography,0.38,1
"The 3rd Battalion , 4th ( Aoba ) Infantry Regiment had landed at Kamimbo Bay on the western end of Guadalcanal on 11 September .","The 3rd Battalion , 4th ( Aoba ) Infantry Regiment had landed at Kamimbo Bay on the western end of Guadalcanal on 11 September , too late to join Kawaguchi 's attack .",Geography,0.3,1
A land was initially donated by an Chinese Muslim living in the United States to Taipei Grand Mosque .,"A land was donated by Wang Huihuan , a local Muslim living in the United States .",Geography,0.29,0
Wilson moved to the district in late 1836 with his wife and family .,Wilson settled in the district in late 1836 with his wife and family .,Geography,0.25,0
The tehsil is administratively divided into 7 Union Councils - one of which makes up the tehsil capital .,"The tehsil is administratively subdivided into Union Councils - one of which comprises the tehsil capital , these are :",Geography,0.24,1
There are 3 arrondissements in the Lot department .,The 3 arrondissements of the Lot department are :,Geography,0.29,1
"Peat swamp forests are usually surrounded by lowland rain forests on better-drained soils , and by brackish or salt-water mangrove forests near the coast .","Peat swamp forests are typically surrounded by lowland rain forests on better-drained soils , and by brackish or salt-water mangrove forests near the coast .",Geography,0.33,0
Ernesto never came near land and caused no damages .,Ernesto never approached land and caused no reported damage .,Geography,0.24,0
It and the town of Plymouth are the county seats of Plymouth County .,"Brockton , along with Plymouth , are the county seats of Plymouth County .",Geography,0.29,1
"A stone building was completed in 637 , and was dedicated to Saint Peter .",A stone structure was completed in 637 by Oswald and was dedicated to Saint Peter .,Geography,0.29,0
This moon basin was named after two features on opposing sides ; the crater Aitken on the northern end and the southern lunar pole at the other end .,It was named for two features on opposing sides ; the crater Aitken on the northern end and the southern lunar pole at the other end .,Geography,0.46,1
The coscoroba swan is found in South America from southern Chile and central Argentina south to Tierra del Fuego and the Falkland Islands .,The Coscoroba swan breeds in South America from southern Chile and central Argentina south to Tierra del Fuego and the Falkland Islands .,Geography,0.38,1
Parts of St. Joseph are called the Scotland District because of the appearance of the landscape .,"Parts of St. Joseph are also referred to as the Scotland District , a reference to the appearance of the landscape .",Geography,0.45,1
"Other forts in the area are `` Fort de la Bouque '' , `` Batterie de l'Anse '' , `` Fort Saint Charles '' and `` Fort Saint Frédérique '' .","In the vicinity , other forts are the Fort la Bouque , the Batterie de l'Anse , the Fort Saint Charles and the Fort Saint Frédérique .",Geography,0.38,1
"In the early 20th century , the community saw more immigrants from non-European countries including what is today 's Lebanon , Israel , and Syria .","In the early 20th century , the community saw an influx of immigrants from non-European countries including what is modern day Lebanon , Palestine/Israel , and Syria .",Geography,0.35,1
El Taref ( ) is a town in Algeria .,El Taref ( ) is a city in Algeria .,Geography,0.28,1
Sarstoon River is a river in the Toledo District of Belize .,The Sarstoon River ( ) is a river in the Toledo District of Belize .,Geography,0.45,1
Clark 's Point is a city in Alaska .,Clark 's Point is located at .,Geography,0.5,1
"About 20 % is indigenous land , with the entire West coast being held under Native title .","Indigenous land comprises about 20 % , with the entire West coast being held under Native title .",Geography,0.53,1
"The name of the shrine comes from the Arabic word Hazrat , meaning holy or majestic , and the Kashmiri word bal , meaning place .","The name of the shrine comes from the Urdu word `` Hazrat , '' meaning `` respected '' , and the Kashmiri word `` bal , '' meaning `` place '' .",Geography,0.21,0
They are divided into the Greater Sunda Islands and the Lesser Sunda Islands .,They are further divided into the Greater Sunda Islands and the Lesser Sunda Islands .,Geography,0.63,1
"During the 18th century , the Maratha Empire grew quickly , conquering Konkan and much of eastern Gujarat from the Mughal Empire .","During the 18th century , the Hindu Maratha Empire expanded rapidly , claiming Konkan and much of eastern Gujarat from the disintegrating Mughal Empire .",Geography,0.4,1
Ziebach County is a county in the U.S. state of South Dakota .,Ziebach County is a county located in the U.S. state of South Dakota .,Geography,0.3,1
"The Ladakh Range is a segment of the Karakoram Range , that extends southeastward for 230 miles ( 370 km ) from the mouth of the Shyok River in the Ladakh region to the Tibetan/Chinese border .",The Ladakh Range is a segment of the Karakoram mountain range that extends to the southeast for 230 miles ( 370 km ) from the mouth of the Shyok River in the Ladakh region to the Tibetan border .,Geography,0.52,1
"The service was run by the Great Northern Railway ( Ireland ) ( GNR ( I ) ) , which viewed it as a way to bring more customers to its railway stations at Sutton and Howth .",The termini were at Sutton railway station and Howth railway station .,Geography,0.23,0
Fort Nelson is in the newly formed Northern Rockies Regional Municipality and is also in the northeastern corner of British Columbia .,The Northern Rockies Regional Municipality is the first of its kind in British Columbia .,Geography,0.33,1
An area of low pressure stopped around the Northern Venezuela coast on September 11 .,An area of low pressure stalled around the Northern [ [ Venezuela ] ] coast on September 11 .,Geography,0.28,1
"Instead , he decided to attack Midway , a tiny atoll at the northwest end of the Hawaiian Island chain , approximately from Oahu .","Instead , Yamamoto selected Midway , a tiny atoll at the extreme northwest end of the Hawaiian Island chain , approximately from Oahu .",Geography,0.36,1
"The airport is used a lot because it 's near the Great Circle Route , a major air route between Europe and the East Coast of the United States .",The airport owes its prosperity to its location on major air corridors between Europe and the East Coast of the United States .,Geography,0.36,1
"The kidnapping of Jaycee Lee Dugard happened June 10 , 1991 near South Lake Tahoe , California .","The kidnapping of Jaycee Lee Dugard occurred on June 10 , 1991 , in South Lake Tahoe , California .",Geography,0.2,0
Aberdeen is a city in the state of Idaho in the United States .,"Aberdeen is a city in Bingham County , Idaho , United States .",Geography,0.47,1
"Abuja is a planned city , which means that architects designed it specifically to be Nigeria 's capital city .",Abuja ( ) is the capital city of Nigeria .,Geography,0.33,1
The control over the beach expanded over the following days and the D-Day goals were accomplished by D+3 .,"The tenuous beachhead was expanded over the following days , and the D-Day objectives were accomplished by D+3 .",Geography,0.24,0
Many people living in the area were caught off guard when Katrina strengthened from a tropical storm to a Category 1 hurricane in one day and struck southern Florida on August 25 .,"Many living in the area were caught off guard when Katrina strengthened from a tropical storm to a hurricane in one day and struck southern Florida on August 25 , 2005 .",Geography,0.23,0
"However there are a variety of other plant communities in the forest , some of which do not include `` Callitris '' .","However , there are a variety of distinct plant communities in the forest , some of which do not include `` Callitris '' .",Geography,0.26,0
Pasco County is a county in the U.S. state of Florida .,Pasco County is a county located in the U.S. state of Florida .,Geography,0.32,1
The park is divided in two by the Serpentine Lake .,The park is divided in two by the Serpentine and the Long Water .,Geography,0.39,1
Garhi Yasin is a town and taluka in the north of Sindh province of Pakistan .,Garhi Yasin is a town located in the north of Sindh province of Pakistan .,Geography,0.3,1
Muzaffargarh District ( ) is a district in the Punjab province of Pakistan .,Muzaffargarh is one of oldest districts of Punjab .,Geography,0.31,1
"Richmond is a town in Washington County , Rhode Island .","Richmond is a town in Washington County , Rhode Island , United States .",Geography,0.41,1
"The mainly found in Uttar Pradesh , Delhi , West Bengal , Bihar , Assam , Jharkhand , Madhya Pradesh , Chhattisgarh and Maharashtra and Gujarat of States of India .","Predominately , they founded in Indian state of Uttar Pradesh , Delhi , West Bengal , Bihar , Assam , Jharkhand , Madhya Pradesh , Chhattisgarh and Maharashtra and Gujarat .",Geography,0.38,1
"One of the guards , Petar Brzica , reportedly cut the throats of about 1,360 of the new prisoners , using a butcher knife that became known as `` srbosjek '' ( `` Serb-cutter '' ) .","The Ustaše slaughtered inmates with a knife that became known as the `` Srbosjek '' , or Serb-cutter .",Geography,0.22,0
He was buried at Greenwood Cemetery in Montgomery .,"His grave is located at Greenwood Cemetery , in Montgomery .",Geography,0.49,1
"Bear Creek is a village in Hays County , Texas , United States .","Bear Creek is a Village in Hays County , in the U.S. state of Texas .",Geography,0.48,1
"Seoul is connected to every big Korean city by the KTX high speed train , which goes more than 300km/h ( 186mph ) .",Seoul is connected to every major city in South Korea by rail .,Geography,0.3,1
"The highest peak on the Balkan peninsula is Musala in the Rila mountains near Sofia ( Rila range ) , with 2,925 m , closely followed by Mount Olympus in Greece and Vihren ( Pirin range ) .",The highest peaks of the Balkan Mountains are in central Bulgaria .,Geography,0.76,1
"Whatfield is a village and civil parish in Babergh , Suffolk , England .","Whatfield is a village and civil parish in Suffolk , England .",Geography,0.39,1
"These are the Canadian River , the Cimarron River , and the Salt Fork Arkansas River .",Tributaries include the Canadian River and the Cimarron River and the Salt Fork Arkansas River .,Geography,0.33,1
"After Guadalcanal , Allied personnel regarded the Japanese military with much less fear than previously .","After Guadalcanal , Allied personnel regarded the Japanese military with much less fear and awe than previously .",Geography,0.23,0
"The war was characterized by sieges and arson of towns as well as open battles involving extremely heavy losses ; overall , some 900,000 to 1,400,000 people died .",It was characterized in Europe by sieges and the arson of towns as well as open battles with heavy losses .,Geography,0.34,0
Eleven of the 36 coral atoll islands of Lakshadweep are inhabited .,Ten of the islands are inhabited .,Geography,0.34,1
The Canton of Schaffhausen used to be divided into 6 districts ( `` Bezirke '' ) until July 1999 .,The Canton of Schwyz is divided into 6 districts :,Geography,0.45,1
Icknield Street or Ryknild Street is a Roman road in Britain that runs from the Fosse Way at Bourton on the Water in Gloucestershire to Templeborough in South Yorkshire .,"Icknield Street or Ryknild Street is a Roman road in England , with a route roughly south-west to north-east .",Geography,0.49,1
"The new metropolitan boroughs replaced the county boroughs , municipal boroughs and urban and rural districts which existed before .","The new districts replaced the previous system of county boroughs , municipal boroughs , urban and rural districts .",Geography,0.37,1
"Many people died in the war , and even today there is still anger between the different ethnic and religious groups of Nigeria .",Many lives and resources were lost during the war ; and even today there are still tensions between the different ethnic and religious groups of Nigeria .,Geography,0.3,0
"The most densely populated areas are around the valley of the Ebro river , particularly around Zaragoza , and in the Pyrenean s ( the hills at the base of the Pyrenees ) , while the areas with the fewest inhabitants tend to be those that are higher up in the Pyrenean mountains , and in most of the southern province of Teruel .","The most densely populated areas are around the valley of the river Ebro , particularly around Zaragoza , and in the Pyrenean foothills , while the areas with the fewest inhabitants tend to be those that are higher up in the Pyrenean mountains , and in most of the southern province of Teruеl .",Geography,0.53,1
"Flemish Brabant ( Dutch : `` Vlaams-Brabant '' , French : `` Brabant flamand '' ) is the youngest and smallest province of the Flemish Region , one of the three regions of Belgium .","Flemish Brabant ( , ) is a province of Flanders , one of the three regions of Belgium .",Geography,0.51,1
"However with the Kars–Tbilisi–Baku railway , a regional rail link project that will directly connect Turkey , Georgia and Azerbaijan which is being built right now , the railway lines are getting more modern in Azerbaijan with the newest technology and brand new and fast trains will be added .","The Kars–Tbilisi–Baku railway , is a regional railway project to directly connect Turkey , Georgia and Azerbaijan .",Geography,0.51,1
Fayette is the name of several places in the United States .,Fayette is the name of a number of places in the United States of America .,Geography,0.57,1
"For sanitary reasons , military tent cities place toilet , shower , and laundry facilities at least 50 feet ( 15m ) from living quarters .","For sanitary reasons , military tent cities place toilet , shower , and laundry facilities at least from living quarters .",Geography,0.32,0
"The name `` Palermo Stone '' is sometimes used for all seven pieces of the Royal Annals , including those in museums in Cairo and London .","The term `` Palermo Stone '' is sometimes applied to all seven surviving fragments of the Royal Annals , including those held in museums in Cairo and London .",Geography,0.19,0
The Supreme Court of Israel ( ) is the highest court of Israel .,The Supreme Court is situated in Jerusalem .,Geography,0.51,1
The constellation was a symbol of Ea and in the Early Bronze Age marked the winter solstice .,The constellation was a symbol of the god Ea and in the Early Bronze Age marked the winter solstice .,Geography,0.31,0
Zhob ( ) is a district in the northwest of Balochistan province of Pakistan .,Zhob ( ) is a district in the north west of Balochistan province of Pakistan .,Geography,0.32,1
"Kippen is a small village approximately west of the city of Stirling , Scotland ( also referred to as the Kingdom of Kippen ) .","Kippen is a village in west Stirlingshire , Scotland .",Geography,0.49,1
"Over 40,000 gold miners had traveled to the goldfields and many of them traveled through the Chilliwack area .","By 1859 , over 40,000 gold miners had trekked to the goldfields , most travelling through the Chilliwack area .",Geography,0.37,1
Magnotta was previously sought by animal rights groups for allegedly uploading videos of himself killing kittens .,He was previously sought by animal rights groups for allegedly uploading videos of himself killing kittens .,Geography,0.27,0
"Barnum rebuilt at another location , but that building burned to the ground in 1868 .",It burned to the ground in 1865 .,Geography,0.25,0
"However , as `` founder actions '' are usually of great interest to the local community , and are only relevant to the English Wikipedia , the 'founder ' right also has the benefit of allowing Jimmy Wales ' actions to be visible in the en.wiki rights log ; actions performed with the steward bit are not visible in that record , but only on the .","As 'local founder actions ' are usually of great interest to the local community , and are only relevant to the English Wikipedia , the local 'founder ' right also has the benefit of allowing Wales ' actions to be visible in the .",Geography,0.21,0
"The National Transportation Safety Board ( NTSB ) report stated that `` the airplane was seen lifting off the runway , and then nose down , impacting in a marsh on the south side of the departure end of runway 27 and then exploding in flames . ''","The National Transportation Safety Board report stated that `` the airplane was seen lifting off the runway , and then nose down , impacting in a marsh on the south side of the departure end of runway 27 and then exploding in flames . ''",Geography,0.24,0
Isleham is a small village and civil parish in the English county of Cambridgeshire .,Isleham is located in the Fens of south-east Cambridgeshire .,Geography,0.43,1
Much of the range is in the Wrangell-Saint Elias National Park and Preserve .,Much of the range is included in Wrangell-Saint Elias National Park and Preserve .,Geography,0.36,1
"Hobart is a city in Tasmania , Australia .","Hobart is the capital of Tasmania , Australia .",Geography,0.49,1
Lake Garda is the largest lake in Italy .,"Lake Garda ( or `` '' , ) is the largest lake in Italy .",Geography,0.6,1
"The original plan was to attack the Soviets with six Infantry Battalions , four artillery battalions and the 4th Armoured Company .","The original plan had involved six infantry battalions , four artillery battalions and the 4th Armoured Company .",Geography,0.19,0
Badin is the capital of Badin District .,Badin is the main town of Badin District .,Geography,0.35,1
"Motherwell railway station or train station is a train station in Motherwell , Scotland .","Motherwell railway station serves Motherwell in North Lanarkshire , Scotland .",Geography,0.48,1
"On 4 May , from a position south of Guadalcanal ( ) , 60 aircraft from TF 17 launched three attacks against Shima 's forces off Tulagi .","On 4 May , from a position south of Guadalcanal ( ) , a total of 60 aircraft from TF 17 launched three consecutive strikes against Shima 's forces off Tulagi .",Geography,0.25,0
"Before Europeans arrived , they lived in the Southeastern United States of Mississippi , Alabama , and Tennessee .","Their traditional territory was in the Southeastern United States of Mississippi , Alabama , and Tennessee .",Geography,0.64,1
It was especially very common in Europe during the 18th and 19th centuries .,Syphilis was very common in Europe during the 18th and 19th centuries .,Geography,0.22,0
"As Ike moved inland , it brought moderate flooding and wind damage during the Midwest and as far north as Pennsylvania .","As Ike moved inland , it brought extensive flooding and wind damage throughout the Midwest and as far north as Pennsylvania .",Geography,0.29,1
"They live in the Republic of South Africa from Breede River to north of Knysna , Western Cape Province .","Found at the Republic of South Africa from Breede River to north of Knysna , Western Cape Province .",Geography,0.54,1
Future president Zachary Taylor founded Fort Johnson on the eastern bank of the Mississippi River across from the mouth of the Des Moines River .,"The city of Warsaw began in 1814 , when young Major Zachary Taylor founded Fort Johnson on the eastern bank of the Mississippi River across from the mouth of the Des Moines River .",Geography,0.28,1
Canton of Glarus is not divided into districts : the municipality is the next lower unit of government .,Valais is divided into 13 districts :,Geography,0.53,1
